day,time,artist,album,type,title,spotify,apple,year,month
1st,12:00,Yesung (Super Junior) X Cheon Dan Bi,"Today, a bit more",digital single,"Today, a bit more",None,http://apple.co/2wtbCDH,2017,8
1st,18:00,Apple.B,Woochuchu,debut digital single,Woochuchu,https://play.spotify.com/album/5XzZWqCCbgnZzxnS9Z0WXH,http://apple.co/2x23K9X,2017,8
1st,18:00,Gfriend,Parallel,mini album,Love Whisper,https://play.spotify.com/album/2cGPXPXZxEBr6LniuA3ewf,http://apple.co/2wduWVy,2017,8
1st,18:00,Joo Won Tak,Baby Goodnight,fan song,Baby Goodnight (ft. Suyeon of A.De),https://play.spotify.com/album/7DjGTXglP5WxgWYIXk5mbt,http://apple.co/2vd3uTC,2017,8
1st,18:00,Park Kyung (Block B),Space Oddity Project Vol.1,digital single,WIPED,https://play.spotify.com/album/4MLjhbngkk4plmxmi8ZwAi,http://apple.co/2uTGf5L,2017,8
2nd,0:00,SF9,Easy Love,Japanese single album,Easy Love,https://play.spotify.com/album/6XDUmZsyIFwQpnndwBRzLW,None,2017,8
2nd,12:00,ONF,ON/OFF,debut mini album,ON/OFF,https://play.spotify.com/album/5LXE3uv4h0im6sPvMG89pG,http://apple.co/2fW3k0C,2017,8
2nd,16:00,Samuel,Sixteen,debut mini album,Sixteen (feat. Changmo),https://play.spotify.com/album/37Jg3LrnbKrMxNT5RjgUGt,http://apple.co/2vONhaw,2017,8
2nd,18:00,N.Flying,THE REAL: N.Flying,mini album,THE REAL,https://play.spotify.com/album/4xUc0Rh3ULTblrirfHnwKu,http://apple.co/2ifCYHR,2017,8
3rd,12:00,AA,Flex,debut digital single,FLEX,None,http://apple.co/2ihmiQo,2017,8
3rd,12:00,THE ROSE,Sorry,debut digital single,Sorry,https://play.spotify.com/album/6D48tHXsa6LzoViDIACdkt,http://apple.co/2x2qyWW,2017,8
3rd,12:00,Tritops,zinnia,digital single,zinnia,https://play.spotify.com/album/5gdvjzqr2SFchJE2WTJp9j,http://apple.co/2vOkBhQ,2017,8
3rd,18:00,CLC,FREE'SM,mini album,Where are You?,https://play.spotify.com/album/4UXgZzt4Zbc4Vg4Ll61ZXh,http://apple.co/2ihLbuW,2017,8
3rd,18:00,Nine Muses,Muses Diary Part.3 LOVE CITY,repackage mini album,LOVE CITY,https://play.spotify.com/album/7wDJe5Y34uwZW7sNNTnlxx,http://apple.co/2wsQ8H9,2017,8
3rd,18:00,"Huh Gak, Apink, VICTON",Plan A Third Episode,Plan A project single,OASIS,https://play.spotify.com/album/1BNyLtvQCyyCYSUAaLnElz,http://apple.co/2vP8Yr1,2017,8
4th,12:00,B.HEART,Summer Night,digital single,Summer Night (feat. Eunji),https://play.spotify.com/album/2SJuhkogza07uS98HZwZqU,None,2017,8
4th,12:00,Drug Restaurant,Pomade,mini album,Drink O2 in the Water,None,http://apple.co/2uUe6vc,2017,8
4th,12:00,Primary,New Generation,mini album,"~42 (feat. Sam Kim, eSNa)",https://play.spotify.com/album/25DwzsTZrbsUWFK2FYf0Mp,None,2017,8
4th,12:00,Real Girls Project,PINGPONG GAME,digital single,PINGPONG GAME,https://play.spotify.com/album/4VozTpp5xHQRL7EvyJbsY5,http://apple.co/2wt2aQs,2017,8
4th,16:00,WINNER,Our Twenty For,single album,Love Me Love Me / Island,https://play.spotify.com/album/3s5LEazLAxgYZSFdG98rHw,http://apple.co/2xfpwpY,2017,8
4th,18:00,SNSD,Holiday Night,10th anniversary full-length album,All Night / Holiday,https://play.spotify.com/album/5MQM8Jw1FvT21Dny8cOXjF,http://apple.co/2vvTsAL,2017,8
5th,12:00,Yoo Young Jin X NCT's Taeyong,CURE,SM STATION 2 project single,CURE,https://play.spotify.com/album/0OJix83FcgJ7m1ro4bDGhM,http://apple.co/2wkK3Nq,2017,8
6th,18:00,NO:EL,Supplement,debut pre-release double single,I Don't Give a Fuck (feat. SWINGS),https://play.spotify.com/album/6Cca09ytGj9vd0McoccqAw,http://apple.co/2x2eLbn,2017,8
6th,18:00,Various Artists,Show Me The Money 6  Ep.1,Team Performances,(Four Team Songs),https://play.spotify.com/album/2B9I38E4rXdaXsaXC5mBlE,http://apple.co/2wt2uPu,2017,8
7th,12:00,ALi X Cheetah,Don't Speak,digital single,Don't Speak,https://play.spotify.com/album/0t2QwxHCJYofiUKzcbJhEj,http://apple.co/2ihoTK9,2017,8
7th,12:00,BLANC7,worldwide,single album,HELLO,https://play.spotify.com/album/6yOLGx9gG8bPxErGEqHbZX,http://apple.co/2uUkhPG,2017,8
7th,12:00,DAY6,What Can I Do,Every DAY6 project single,What Can I Do,https://play.spotify.com/album/2saTCXsAZGCMODcXIsc9j9,http://apple.co/2x1XdMl,2017,8
7th,12:00,QUEENDOM,QUEENDOM's Party Vol.1,debut digital single,Fly High,None,None,2017,8
7th,18:00,Wanna One,1X1=1(TO BE ONE),debut mini album,Energetic,https://play.spotify.com/album/6sQ2Gukev7VHstYs30LRAu,http://apple.co/2wdpqSU,2017,8
1st,12:00,Crush,The Last Festival,Seo Taiji Time:Traveler project single,The Last Festival,https://play.spotify.com/album/6ANtqKq7wag8PSgunt8NiS,None,2017,9
1st,12:00,IM,Sad Story,debut digital single,Sad Story,https://play.spotify.com/album/74WmeKvC3zsavZqd19fThD,None,2017,9
1st,12:00,Moon Yirang,Aphasia,digital single,Aphasia (feat. Hoody),https://play.spotify.com/album/60FZuqV4CmvvRCJ0D7eXFN,None,2017,9
2nd,0:00,HipHop Team (Seventeen),Before Al1,2017 Seventeen project single,Trauma,None,None,2017,10
2nd,12:00,Kim Kyujong (SS501),Play in Nature Part.2 FOREST,single album,HUG ME,https://play.spotify.com/album/62r6pvK96nuJrYEKTdPev0,None,2017,10
3rd,12:00,Keith Ape X Ski Mask The Slump God,Achoo,digital single,Achoo,https://play.spotify.com/album/7A1YvHtwUCd4EjhJBd3zTo,None,2017,10
7th,11:00,Lay (EXO),LAY 02 SHEEP,Chinese full-length album,SHEEP,https://play.spotify.com/album/18IRk3vprPVqDkOnrA3LAf,None,2017,10
8th,0:00,AOORA,SLAY,digital single,SLAY,None,None,2017,10
8th,12:00,Park Hyunbin X Lee Gikwang,Shabang Shabang (Fantastic Duo 2 Pt.17),TV,Shabang Shabang,https://play.spotify.com/album/4rnk2ii2arT56cokd8TMyN,None,2017,10
8th,18:00,DPR LIVE,Jasmine,digital single,Jasmine (prod. Code Kunst),https://play.spotify.com/album/2J4lOWOjWUYBRJoShrhAGk,None,2017,10
1st,0:00,G-Dragon (Big Bang),Kwon Ji Yong,Japanese mini album,,None,None,2017,11
1st,12:00,Stray Kids,Hellevator,pre-debut digital single,Hellevator,None,None,2017,11
1st,12:00,The Rose,Like We Used To,digital single,Like We Used To,https://play.spotify.com/album/2azacjfyDSvoX8O1QmN39h,None,2017,11
1st,18:00,ASTRO,Dream Part.02,mini album,Crazy Sexy Cool,https://play.spotify.com/album/0ATs7XoyXolPxK5vADyZlH,None,2017,11
1st,18:00,Stella Jang,Cheerleader,digital single,Cheerleader (feat. Olltii),None,None,2017,11
2nd,12:00,VAV,She's Mine,digital single,She's Mine,https://play.spotify.com/album/2lGxxu2aQURQNK9VyfivLZ,None,2017,11
2nd,18:00,Eddy Kim,Bet on Me,digital single,Bet on Me,https://play.spotify.com/album/0sp1XyY3ZC5T9u3XBwFsz1,None,2017,11
2nd,18:00,Hyungseob x Euiwoong,The Moment of Memory,debut project single album,It Will Be Good,https://play.spotify.com/album/148w0AMlfkn0iaq0LG1lHJ,None,2017,11
2nd,18:00,Woo Won Jae,Anxiety,digital single,loop / Paranoid,https://play.spotify.com/album/3kMfYknksIqG8uyM2rwNlJ,None,2017,11
3rd,12:00,SOLE,RIDE,debut digital single,RIDE,https://play.spotify.com/album/3t4nLWaE60YINX7QLTIbAS,None,2017,11
3rd,18:00,10cm x Chen (EXO),Bye Babe,SM STATION 2 project single,Bye Babe,https://play.spotify.com/album/0rpezypIJYjFC8RNI2GsRh,None,2017,11
3rd,18:00,Bang Minah (Girl's Day),Other way,digital single,11°,https://play.spotify.com/album/4LcD9EBYZvYcZ8iz4FLglx,None,2017,11
3rd,18:00,MIND U,Dear,mini album,If,https://play.spotify.com/album/1uyVWiPzaLDIzKIpgSOmWg,None,2017,11
4th,18:00,Nick & Sammy,Without You,mini album,Without You,https://play.spotify.com/album/2EdYsX1EIdvV12AYFgIpE4,None,2017,11
5th,12:00,We Are The Night,Calm Myself Down,mini-album,Deeper in Love,https://play.spotify.com/album/5ybZf6FgPVhcYBVq8tYV8j,None,2017,11
5th,12:00,Sori,MIXNINE Pt.2,digital single,To Myself,https://play.spotify.com/album/6b5cCjrp2Dfw8cvzhEl20X,None,2017,11
5th,18:00,Jeon Soyeon,Jelly,debut single,Jelly,https://play.spotify.com/album/7iTA4T8A4tDU77Dt6y3f9m,None,2017,11
6th,12:00,DAY6,All Alone,Every DAY6 project single,All Alone,https://play.spotify.com/album/1YVVClbv9za2R64Ov4a3GQ,None,2017,11
6th,18:00,Seventeen,"TEEN,AGE",full-length album,CLAP,https://play.spotify.com/album/5aHdNainJWMc3n2AqfiOg5,None,2017,11
6th,18:00,Sonamoo,I,Happy Box project single,I,https://play.spotify.com/album/26uRlgdFakvihF5S4pKU3w,None,2017,11
6th,18:00,Super Junior,PLAY,full-length album,One More Chance / Black Suit,https://play.spotify.com/album/1F7DAPXJpLVKfyZFSFsrCw,None,2017,11
7th,18:00,Block B,Montage,mini album,Shall We Dance,https://play.spotify.com/album/2E88InijeUw9UL0B7kmfe9,None,2017,11
7th,18:00,EXID,Full Moon,mini album,DDD,https://play.spotify.com/album/2ejJVhXC1pgVgROMsetsUL,None,2017,11
7th,18:00,Monsta X,The Code,mini album,Dramarama,https://play.spotify.com/album/4NJpBKY4XJbRLAsbbeIzyJ,None,2017,11
8th,0:00,Apink,Orion,Japanese single album,Orion,None,None,2017,11
8th,12:00,Kim Sohee,the Fillette,debut mini album,SobokSobok (feat. Fiestar's Yezi),https://play.spotify.com/album/6CanaIaZNt4HUh927k8xE9,None,2017,11
8th,18:00,gugudan,Act.03: Chococo Factory,single album,Chococo,https://play.spotify.com/album/4FcriwGRWvBmjw1NYD87dO,None,2017,11
8th,18:00,Urban Zakapa,When We Were Two,digital single,When We Were Two,https://play.spotify.com/album/1bVjIGsyF9WKEu5DJMpDYC,None,2017,11
9th,0:00,SE7EN,1109,Japanese full-length album,Precious Day,None,None,2017,11
9th,12:00,Rothy,Stars,debut digital single,Stars,https://play.spotify.com/album/0Kjrj9VlwLkuAWb1FugHoi,None,2017,11
1st,12:00,Black Nine,Payback,digital single,Payback (feat. Bibi),None,None,2017,12
1st,12:00,The Barberettes,The Barberettes' Winter,mini album,White Blanket (feat. GB9),https://play.spotify.com/album/3Sv9Di6p9mZbJAuYFt8Ado,None,2017,12
1st,18:00,Baek A Yeon X Wendy (Red Velvet),The Little Match Girl,SM STATION 2 project single,The Little Match Girl,https://play.spotify.com/album/4zAtVhSOfikuAxnY0i3hXF,None,2017,12
1st,0:00,Park Hyo Shin,Sound of Winter,digital single,Sound of Winter,https://play.spotify.com/album/0nbb8Y2mpu5ypl0ccUrg33,https://itunes.apple.com/gb/album/sound-of-winter-single/1330522751,2018,1
1st,12:00,Kim Kyu Jong (SS501),Play in Nature Part.3 SNOW FLAKE,single album,Melt,https://play.spotify.com/album/4zn5B92FR5S7YmWRiWKD9X,https://itunes.apple.com/gb/album/play-in-nature-pt-3-snow-flake-single/1329905253P,2018,1
1st,18:00,Drug Restaurant,Her,digital single,Her,https://play.spotify.com/album/1vInvQunLInwG66ZQsmY9L,https://itunes.apple.com/gb/album/her-single/1330597985,2018,1
2nd,12:00,TRCNG,WHO AM I,single album,WOLF BABY,https://play.spotify.com/album/6QcQmlZfsypWehjNgX7QWs,https://itunes.apple.com/gb/album/who-am-i-single/1330624661,2018,1
2nd,12:00,Soyeon (Laboum) X Parc Jae Jung,XOXO,digital single,XOXO,https://play.spotify.com/album/1YE3VFtAoXX0hPaPa08d5v,https://itunes.apple.com/gb/album/xoxo-single/1330527538,2018,1
2nd,18:00,OOHYO,Honey Tea,digital single,Honey Tea,https://play.spotify.com/album/1KWX0awddaxsi7ySIk5Nq1,https://itunes.apple.com/gb/album/honey-tea/1330596060?i=1330596063,2018,1
3rd,0:00,B.A.P,Hands Up,Japanese single album,Hands Up,https://play.spotify.com/album/5f1J7Pmx9ndU1RQO57Miy6,None,2018,1
3rd,12:00,HINT,Walkie-Talkie,mini album,Walkie-Talkie,https://play.spotify.com/album/0PCOdB3SlR05WV6wKk1Rwx,https://itunes.apple.com/gb/album/walkie-talkie/1330574987?i=1330574992,2018,1
3rd,12:00,Kriesha Chu,Dream of Paradise,mini album,Like Paradise,https://play.spotify.com/album/4rQT22dw5278iG00QKWrI3,https://itunes.apple.com/gb/album/dream-of-paradise-ep/1330589987,2018,1
3rd,12:00,Planetarium Records,Planetarium Case #1,mini album,Blah,https://play.spotify.com/album/61T0Bep9XtljduxpuyAoGJ,https://itunes.apple.com/gb/album/planetarium-case-1/1330878662,2018,1
3rd,18:00,Momoland,GREAT!,mini album,BBoom BBoom,https://play.spotify.com/album/5vt2sEP5J0VNbYXoA7h2k4,https://itunes.apple.com/gb/album/great-ep/1330921813,2018,1
3rd,18:00,N.Flying,THE HOTTEST: N.Flying,mini album,Hot Potato,https://play.spotify.com/album/7mvDrCwozKiQBOPglJfjUb,https://itunes.apple.com/gb/album/n-flying-3rd-mini-album-the-hottest-n-flying-ep/1330921850,2018,1
3rd,18:00,Song Ju Hee (Hello Venus' Alice),Twenty-something,FM201.8-01Hz project single,Twenty-something,https://play.spotify.com/album/3SzIMtOgR1yPaGnfCGPYwb,https://itunes.apple.com/gb/album/twenty-something-single/1330917146,2018,1
4th,12:00,Han Hee Jun,DEEP INSIDE,single album,DEEP INSIDE (feat. Sojung of Ladies' Code),https://play.spotify.com/album/1nQRMNqKvjkXcWzBzC78sV,https://itunes.apple.com/gb/album/deep-inside-feat-sojeong/1330928172?i=1330928359,2018,1
4th,18:00,Hwanhee,2018 Diary of January,Love Song project single,the dawn,https://play.spotify.com/album/3sxIZktJ3CYkZ3RTiQMkSd,https://itunes.apple.com/gb/album/the-dawn/1331385632?i=1331385950,2018,1
4th,18:00,Mamamoo,Paint Me,special single,Paint Me,https://play.spotify.com/album/2bvVUfael0Y1JwuHEsnqZm,https://itunes.apple.com/gb/album/paint-me-single/1331388375,2018,1
5th,12:00,5tion,Come back,digital single,Come back,https://play.spotify.com/album/5Wczj1czllEiHm3YfvldYP,https://itunes.apple.com/gb/album/%EB%8F%8C%EC%95%84%EC%99%80%EC%A4%98%EC%9A%94/1331881207?i=1331881372,2018,1
5th,12:00,LIVE HIGH,YES,digital single,YES,https://play.spotify.com/album/2ghlo9GwoIaTUgqZXzh44x,https://itunes.apple.com/gb/album/yes-single/1331780373,2018,1
5th,12:00,S2U,Ice Cream,digital single,Ice Cream,None,None,2018,1
5th,18:00,f(x)'s Amber X Luna,Lower,SM STATION 2 project single,Lower,https://play.spotify.com/album/5LjjM5xxUKPOEM2lmRBb1f,https://itunes.apple.com/gb/album/lower/1330997917?i=1330997918,2018,1
5th,18:00,Jeong Uk (24K),DOMINO,digital single,DOMINO (feat. J-Man) (prod. Bayside Pablo),None,None,2018,1
5th,18:00,Jo Woochan X Park Hyunjin X A Chillo,OG School Project,digital single,OGZ (prod. GroovyRoom),https://play.spotify.com/album/09iyawGokBhfk3m5nqnZa7,https://itunes.apple.com/gb/album/ogz-single/1331896639,2018,1
5th,18:00,Ravi (VIXX),R.EBIRTH 2016,remastered mixtape,Hong Gil Dong,https://play.spotify.com/album/6M9oZRbmek6v9JyTgjDtqd,https://itunes.apple.com/gb/album/ravi-1st-mixtape-r-ebirth-2016/1331389944,2018,1
6th,12:00,VOISPER,Missing U,digital single,Missing U,https://play.spotify.com/album/70rkjlGfucrSSRTcaXVwmp,https://itunes.apple.com/gb/album/%EA%BA%BC%EB%82%B4%EB%B3%B4%EB%A9%B4-single/1332943016,2018,1
7th,12:00,MIXNINE,MIXNINE Part.4,digital single,Hush / Good Vibe,https://play.spotify.com/album/6WIozq4U5lYD5bezl0kfB5,None,2018,1
1st,12:00,14U,Don't Be Pretty,single album,Don't Be Pretty,None,None,2018,2
1st,12:00,Taru X MONT's Narachan,I think of you,digital single,I think of you (feat. MONT's Roda),None,None,2018,2
1st,18:00,Bumkey,LALALA,digital single,LALALA (feat. Suran & Loco),https://play.spotify.com/album/0KV08mAhoVS6NiHm3StTJ7,None,2018,2
1st,18:00,CLC,To the Sky,pre-release single,To the Sky,https://play.spotify.com/album/0z46X13mUaArCdLEhLtJBz,None,2018,2
1st,18:00,gugudan,Act.04: Cait Sith,single album,The Boots,https://play.spotify.com/album/5CkOZ5vgacWk5rMr620rsW,None,2018,2
2nd,18:00,Henry,Monster,digital single,Monster (English Ver.) / (Chinese Ver.),https://play.spotify.com/album/0a9neB7QlIaVQ7Wi415Kh5,None,2018,2
2nd,18:00,Jay JungJae Moon X PACE,Piano Quintet No.1 - 1st Mov. Allegro,SM STATION 2 project single,Piano Quintet No.1 – 1st Mov. Allegro,https://play.spotify.com/album/29zejVYt91rPDJCZcYR6xV,None,2018,2
2nd,18:00,JuB (SunnyHill) X Fat Cat,Adam & Eve,digital single,Adam & Eve (prod. Space One),https://play.spotify.com/album/3flhUy995QooqoMB4K6T8W,None,2018,2
2nd,18:00,N (VIXX),Cactus,Habitat for Humanity project single,Cactus,https://play.spotify.com/album/53uOKwcUyFS4Tmvux1fUb4,None,2018,2
2nd,18:00,Yoon Mirae,No Gravity,pre-release single,No Gravity,https://play.spotify.com/album/2XYR71m8s1JCl39RAVpcU5,None,2018,2
3rd,18:00,BLACK6IX,Alone,digital single,Alone,https://play.spotify.com/album/21BxRbHLl9HbFEcTYNYFH5,None,2018,2
4th,18:00,NRG,Go To The Pyeongchang,digital single,Go To The Pyeongchang,https://play.spotify.com/album/1qzolwfjkR2IvhbB0ZnwZa,None,2018,2
4th,18:00,pH-1,GATSBY,digital single,Penthouse (feat. Sik-K),https://play.spotify.com/album/3oc0tOh9XqNQtWGwDmcZfk,None,2018,2
2nd,00:00,J-Hope (BTS),Hope World,mixtape,Daydream / Airplane,https://play.spotify.com/album/1bJ8O4jIyqSdunqT9RWXc9,https://itunes.apple.com/us/album/hope-world/1353766581,2018,3
2nd,12:00,AZM,EDGE,debut digital single,EDGE,None,None,2018,3
2nd,12:00,Ryu Sera,Stay Real,digital single,Bloom,None,https://itunes.apple.com/us/album/stay-real-single/1354885479,2018,3
2nd,18:00,Jooyoung,Fountain,mini album,Dive,https://play.spotify.com/album/7kfhx5sztT503CUu9I1r8D,https://itunes.apple.com/us/album/fountain-ep/1354899414,2018,3
2nd,18:00,Sleepy,Identity,mini album,iD (prod. by GRAY),https://play.spotify.com/album/4Ws46ZZYivLbZox11FKIkg,https://itunes.apple.com/us/album/identity/1354893478,2018,3
2nd,18:00,Sungmin (Super Junior),Day Dream,SM STATION 2 project single,Day Dream,https://open.spotify.com/album/6VUyjzhQZTf05ODjD3zgmi,https://itunes.apple.com/us/album/day-dream-single/1353769781,2018,3
4th,18:00,Hyungdon & Daejune,The King of Math,digital single,The King of Math,https://play.spotify.com/album/5nc0XF8JGpuZ86B1r2Gudo,https://itunes.apple.com/us/album/%EC%A4%91-2-%EC%88%98%ED%95%99%EC%9D%80-%EC%9D%B4%EA%B1%B8%EB%A1%9C-%EB%81%9D%EB%82%AC%EB%8B%A4-the-king-of-math-single/1355966087,2018,3
5th,00:00,Noh Yoonho (VAV),Don't Sleep,mixtape,Don't Sleep (feat. Ziu),None,None,2018,3
5th,00:00,"Oh My Girl, Mamamoo","Two Yoo Project - Sugar Man2, Pt.7",digital single,Love Song / Gloomy Coincidence,https://play.spotify.com/album/3CDuUgFBJhvsMumlrNyv4R,https://itunes.apple.com/us/album/sugar-man2-pt-7-single/1354894494,2018,3
5th,18:00,iKON,Rubber Band,digital single,Rubber Band,https://play.spotify.com/album/0tx5UvWk7z4qpSvor1J8e8,https://itunes.apple.com/us/album/rubber-band-single/1355565832,2018,3
5th,18:00,Noel,Our Last Day,digital single,Our Last Day,https://play.spotify.com/album/5bTl5nbWOySYjX4eKjhvTQ,https://itunes.apple.com/us/album/%EA%B7%B8%EB%82%A0%EC%9D%98-%EB%84%88%EC%97%90%EA%B2%8C-our-last-day-single/1355617482,2018,3
5th,18:00,Wanna One,I.P.U,special theme track,I.P.U,https://play.spotify.com/album/2SK3OjBPTDTsKTCNnOOBd6,https://itunes.apple.com/us/album/i-promise-you-i-p-u-special-theme-track-single/1355600766,2018,3
6th,12:00,JMVOK (Jang Moonbok),Peeps,mini album,RED (with Yoon Heeseok & So Jihyuk),https://play.spotify.com/album/34V1VBp4NhYElohhph6pbm,None,2018,3
6th,18:00,ASTRO,2018 ASTRO Special Single Album,single album,,None,None,2018,3
6th,18:00,Minseo,The Diary of Youth,debut digital single,The Grand Dreams,https://play.spotify.com/album/3HX42FuFRH0Pb4lFZFV7uW,https://itunes.apple.com/us/album/%EB%A9%8B%EC%A7%84-%EA%BF%88-the-grand-dreams-single/1356058163,2018,3
6th,18:00,MXM,REMATCH,double digital single,Gone Cold,https://play.spotify.com/album/4hseDk0WCmG7yCF6QQQuXa,https://itunes.apple.com/us/album/rematch-single/1353363150,2018,3
2nd,00:00,"Monsta X, B1A4","Sugarman 2, Pt.11",digital single,As I Told You / Eternity,https://play.spotify.com/album/5nJLYq2qHMdabn4NiBncJJ,None,2018,4
2nd,18:00,EXID,Lady,digital single,Lady,https://play.spotify.com/album/7hdql29wHs1VTWxmGmm5HV,None,2018,4
2nd,18:00,Oh My Girl Banhana,Banana Allergy Monkey,unit pop-up album,Banana Allergy Monkey,https://play.spotify.com/album/3dGBubYrajwhcnMubZ3H8F,None,2018,4
2nd,18:00,Pentagon,Positive,mini album,Shine,https://play.spotify.com/album/1ZRmLzZWvOkSqWePzFeekO,None,2018,4
3rd,18:00,Jeong Jinwoon (2AM),Erasing,digital single,Erasing,https://play.spotify.com/album/7wQUL2FcaUOKgb3EjSriar,None,2018,4
3rd,18:00,Primary X Anda,Do worry Be happy,project album,Dressroom,https://play.spotify.com/album/4xMQYvYKfx2BGNl5MqaS7X,None,2018,4
3rd,18:00,THE BOYZ,THE START,mini album,Giddy Up,https://play.spotify.com/album/4HnxhuDasxI3pCyz8o61Lg,None,2018,4
4th,00:00,BTS,Face Yourself,Japanese full-length album,,https://play.spotify.com/album/66J1OXSaS3hBZASOV3el8t,None,2018,4
4th,00:00,Jun. K,NO TIME,Japanese mini album,Ms. NO TIME,None,None,2018,4
4th,00:00,TRCNG,SPECTRUM,Japanese debut single album,Spectrum / Don't Stop the Dancing,https://play.spotify.com/album/3i9KvbshsHw3k1c7ishs8H,None,2018,4
1st,12:00,GBB,Girls Be the Best,debut mini album,KEMI,None,None,2018,5
1st,12:00,HALO,OMG (Oh My God),digital single,OMG (Oh My God),https://play.spotify.com/album/1EBBHsR8Lcn096bFEmuWue,None,2018,5
1st,18:00,GRAY,Upside Down,digital single,"Upside Down (feat. Jay Park, Simon Dominic, Loco)",https://play.spotify.com/album/4WkcSqzSz1q7oNpZEBNZFc,None,2018,5
1st,18:00,ii,Modern Classic,debut digital single,I'm Already you,https://play.spotify.com/album/4taxNsYitQmK2FMETCBBEY,None,2018,5
1st,18:00,IZ,ANGEL,mini album,ANGEL,https://play.spotify.com/album/7MyG3MvpSPnCjFYkvpRWxW,None,2018,5
1st,18:00,Thunder,SMILE,digital single,SMILE (feat. Jang Soobin),https://play.spotify.com/album/6596JRZBejajTICxemnvmq,None,2018,5
2nd,12:00,HI CUTIE,8th Grade Syndrome,digital single,8th Grade Syndrome,None,None,2018,5
2nd,12:00,Maydoni,Balloon,digital single,Balloon,https://play.spotify.com/album/155rcFzjsW1U9hfxZFDQtX,None,2018,5
2nd,12:00,YooA (Oh My Girl),Morning Call,digital single,Morning Call (prod. Peter Pan Complex),https://play.spotify.com/album/5pMfHs5DNs6c3o7F6Hdmdm,None,2018,5
2nd,18:00,(G)I-DLE,I AM,debut mini album,LATATA,https://play.spotify.com/album/1GtPnOiHxCnoZPCiLcKj22,None,2018,5
3rd,12:00,Gaho,Stay Here,debut digital single,Stay Here,https://play.spotify.com/album/7asMIo6qEhr9Gt5rE1Tmvw,None,2018,5
3rd,12:00,Rui (H.U.B),I Don't Care,digital single,I Don't Care,https://play.spotify.com/album/2grx0LeNGBOiZNXhEL5jrb,None,2018,5
3rd,18:00,Crush,Bittersweet,digital single,Bittersweet,https://play.spotify.com/album/0KxKWeGiXcAECXkvlN63Mv,None,2018,5
3rd,18:00,Jungyup (Brown Eyed Soul),Nothing Left,digital single,Nothing Left,https://play.spotify.com/album/55SMOKHDt3rg0m0v59dXhU,None,2018,5
4th,12:00,Kyungri X It's,What're You Doing Tonight,digital single,What're You Doing Tonight,https://play.spotify.com/album/57sR5cxaUYxjwjXbASQep0,None,2018,5
5th,00:00,Hui,Breakers Pt.3,digital single,Navigation,https://play.spotify.com/album/0W5pL8s90itAKV6rWRAOQq,None,2018,5
5th,18:00,MC Gree,Don't You Love Me,double digital single,Don't you Love Me,None,None,2018,5
7th,00:00,DinDin X K.Will,"Sugar Man2, Pt.16",digital single,Not Your Sister,https://play.spotify.com/album/2axlWMST7s0F7zUAH5xnTA,None,2018,5
8th,18:00,Ben,RECIPE,full-length album,"Love, ing",https://play.spotify.com/album/7xSPokUlRKABb78sL7WRsm,None,2018,5
8th,18:00,Cross Gene,ZERO,mini album,Fly / Touch It,https://play.spotify.com/album/1UDaQx9Q4TLlZQA8DkS0yI,None,2018,5
8th,18:00,Teen Top,Seoul Night,mini album,Seoul Night,https://play.spotify.com/album/1wHKdWLlIXiuJ94Wrzgeun,None,2018,5
9th,00:00,EXO-CBX,MAGIC,Japanese full-length album,Horololo,https://play.spotify.com/album/2NbpxzWVFJfUuNXbIVeWhd,None,2018,5
9th,12:00,Spectrum,Be Born,debut mini album,Light It Up,https://play.spotify.com/album/7gcVKpFwFcEW69VKFrJDja,None,2018,5
9th,18:00,VINXEN,Smelting,mini album,Sinking Down with You,https://play.spotify.com/album/0OwF1gtdSFzlHh29kzrWjR,None,2018,5
9th,18:00,Yong Junhyung (Highlight),Goodbye 20's,full-length album,Go Away,https://play.spotify.com/album/6pIdQQYMXtp07uotxMddCA,None,2018,5
10th,12:00,Favorite,Love Loves to Love Love,mini album,Where are you from?,https://play.spotify.com/album/5PLJtRp7lCnUKPLdqL7lg4,None,2018,5
10th,18:00,Various Artists,CLEF Project,full-length album,BTOB's Seo Eunkwang X Lee Changsub - My Day,https://play.spotify.com/album/0BIRNa0Z6XjBF7XESThRJ4,None,2018,5
1st,00:00,iKON,Love Scenario,Japanese digital single,Love Scenario (Japanese Ver.),None,None,2018,6
1st,18:00,Abry,Strike,digital single,Strike,https://play.spotify.com/album/3DfuzMHY87Z09c1hy9C4CN,None,2018,6
1st,18:00,Rothy,SULLAE,digital single,SULLAE,https://play.spotify.com/album/5RXJMr2iCuhHsez6IuhMqi,None,2018,6
1st,18:00,WJMK,STRONG,debut digital single,STRONG,https://play.spotify.com/album/1cGFzDBxOVumndfUmV73Z1,None,2018,6
2nd,00:00,Hui,Breakers Semi Final,digital single,Swim Good (feat. Somin (KARD),https://play.spotify.com/album/7Exp3oo0a2d6Px8i0ubNIO,None,2018,6
2nd,22:00,NCT U (Ten & Taeyong),Baby Don't Stop,Thai digital single,Baby Don't Stop (Thai Ver.),https://play.spotify.com/album/56hYT1UpRNywoEauioNczN,None,2018,6
3rd,00:00,"Seo Eunkwang, Son Seung-yeon",King Of Mask Singer 156,digital single,Already To Me / Moon's Fall,https://play.spotify.com/album/1Rcfa4WmVGwRacUnSW7gHc,None,2018,6
4th,18:00,BTS,Fake Love (Rocking Vibe Mix),remix single,Fake Love (Rocking Vibe Mix),https://play.spotify.com/album/3znXuEXvpl674WIHuw0fbx,None,2018,6
4th,18:00,Wanna One,1÷x=1 (UNDIVIDED),special mini album,Light,https://play.spotify.com/album/2uq6ULcN34XW2N5cEIaXug,None,2018,6
5th,18:00,fromis_9,To. Day,mini album,DKDK,https://play.spotify.com/album/09r6g4aYjC6WqIxmTNHaZx,None,2018,6
1st,00:00,Leo (VIXX),Free Tempo,mixtape,Free Tempo,None,None,2018,7
1st,12:00,Lovelyz,Wag-zak,digital single,Wag-zak,https://play.spotify.com/album/1JvjesAVP9BlXCtU0HGrlA,None,2018,7
1st,18:00,"Baekho (NU'EST W), Bob Ross (Han Dong Geun)",King Of Mask Singer Ep.160,omnibus,Beautiful Night / I Remember / Breathe,https://play.spotify.com/album/2V6Z0JTWSNxQ1X2gMPDdTf,None,2018,7
1st,18:00,Jay Park,SOJU Remix,digital single,"SOJU Remix (ft. Simon Dominic, Changmo, Woodie Gochild)",https://play.spotify.com/album/49JHujfavaPyZcH8BeEQ9i,None,2018,7
1st,18:00,Mamamoo,Rainy Season,pre-release single,Rainy Season,https://play.spotify.com/album/1WGfdNasOiGf5kG3JvFXtf,None,2018,7
1st,00:00,ONF,ON/OFF -Japanese ver.-,Japanese debut single album,ON/OFF -Japanese ver.-,https://play.spotify.com/album/0q8Azo0x7QfPBbLexdxZt4,None,2018,8
1st,12:00,Paran,You & Me,digital single,You & Me,https://open.spotify.com/album/1YQhNJFQF2PcnZnsNHipIo,None,2018,9
1st,18:00,Produce 48,Final,mini album,various songs,https://open.spotify.com/album/3Wnok93RocUbenJNMmfYD4,None,2018,9
2nd,18:00,Jeong Jinwoon,Koong! Pop!,maxi single,All I Need Is You,https://open.spotify.com/album/6NnioFl4hvGCJbpLvzsuSp,None,2018,9
3rd,18:00,100%,Sunshine,mini album,Heart,https://open.spotify.com/album/4xXOwV0zQAMyR0obVjw2iG,None,2018,9
3rd,18:00,BLANC7,Take Off,single album,Drama,None,None,2018,9
3rd,18:00,Nam Woohyun,Second Write...,mini album,If only you are fine,https://open.spotify.com/album/0q65lwDDiYejRP62WkYL9F,None,2018,9
3rd,18:00,NCT DREAM,Go Up,mini album,Go Up,https://open.spotify.com/album/0pIWpPef8UFx8iQ5KSZsYj,None,2018,9
3rd,18:00,Yoon Jong Shin,Lean on You,Melody Monthly project single,Lean on You,https://open.spotify.com/album/5HvxoqEQOm4t3K50HTzb1k,None,2018,9
4th,12:00,GreatGuys,Take Off,mini album,Illusion,None,None,2018,9
4th,12:00,Kitten Girls,U Me Us,debut digital single,U Me Us,https://open.spotify.com/album/6n9zVYHacycObIxtEoe1vZ,None,2018,9
4th,18:00,Jimin Park,jiminxjamie,mini album,April Fools (0401),https://open.spotify.com/album/7ko4bIyHTERlq9MGyZfk3A,None,2018,9
4th,18:00,Nam Taehyun,Star,debut digital single,Star,https://open.spotify.com/album/4XktwFZzxpZh8XqBD6LOFL,None,2018,9
4th,18:00,Sori (CocoSori),Touch,debut digital single,Touch (feat. Basick),https://open.spotify.com/album/14ceR5OozSfZ0qN4nBK6Dr,None,2018,9
4th,18:00,Sunmi,Warning,mini album,Siren,https://open.spotify.com/album/7KU9xZLinCIIHBDmeQbeDp,None,2018,9
5th,00:00,V.I (Seungri from BIGBANG),The Great Seungri,Japanese full-length album,"1, 2, 3!  / Where Are You From (feat. WINNER's Mino)",https://open.spotify.com/album/2UcoD6mDLrUU0aCOIB1pML,None,2018,9
5th,00:00,Team H (Jang Geun Suk & Big Brother),Mature,Japanese full-length album,Mature / Summer Time,https://open.spotify.com/album/358vQLCSn492DxYt16Bhvl,None,2018,9
5th,18:00,GWSN,The Park in the Night part one,debut mini album,Puzzle Moon,https://open.spotify.com/album/1X525EiWjde90wCfxhS0Jw,None,2018,9
5th,18:00,HAON,TRAVEL : NOAH,mini album,"NOAH (feat. Jay Park, Hoody)",https://open.spotify.com/album/7paPIIEBNYB1Mtnshg6kvB,None,2018,9
5th,18:00,SNSD-Oh!GG,Lil' Touch,debut single album,Lil' Touch,https://open.spotify.com/album/6369mPjmE105oD1ECF7WiA,None,2018,9
5th,18:00,THE BOYZ,THE SPHERE,single album,Right Here,https://open.spotify.com/album/6icPTljY6YVuv6Cu9Te3CA,None,2018,9
5th,18:00,YJIG,Prince,digital single,Prince,None,None,2018,9
6th,12:00,Spectrum,Dear. My,special digital single,Dear. My,https://open.spotify.com/album/6cd4EWpNqoj2rphwzIZZpq,None,2018,9
6th,18:00,Parc Jae Jung,4 years,digital single,4 years,https://open.spotify.com/album/5sVtgY33FpMhoMh9PX5VzE,None,2018,9
6th,18:00,SG Wannabe,Let's Meet Up Now,digital single,Let's Meet Up Now,https://open.spotify.com/album/1CeHxf4K2yyRTGSqgxqJTe,None,2018,9
6th,18:00,Yook Sungjae (BTOB),Propose,Your BGM project single,Propose (prod. by Park Geun Tae),https://open.spotify.com/album/0RLeuBwYUOPEReiJf6iSF3,None,2018,9
7th,12:00,LipBubble,Yellow Pink,digital single,Yellow Pink,None,None,2018,9
10th,12:00,DAY6,Beautiful Feeling,digital single,Beautiful Feeling,https://open.spotify.com/album/0TMcM2jax77HR89yWm8PPi,None,2018,9
10th,18:00,Jay Park,V,digital single,V,https://open.spotify.com/album/4MQu7vXhTomG1ZyOINRLm0,None,2018,9
10th,18:00,Lovelyz,Muse on Music,instrumental album,Hi~,https://open.spotify.com/album/6fbOUzs6Ecz1QL0bHnpKJx,None,2018,9
10th,18:00,Oh My Girl,Remember Me,mini album,Remember Me,https://open.spotify.com/album/5cWzZxmpNNedvZLCXnFE3E,None,2018,9
10th,18:00,Pentagon,Thumbs Up!,mini album,Naughty boy,https://open.spotify.com/album/6AjfY47ASqK3OjjaPxTqaH,None,2018,9
10th,18:00,SHINee,The Story of Light: Epilogue,repackage full-length album,Countless,https://open.spotify.com/album/0myFUTLsIg4SKyAanKrM3f,None,2018,9
11th,18:00,Kim Dong Ryul,Song,digital single,Song,https://open.spotify.com/album/24VE5uywLokQ7BrN0MWwJP,None,2018,9
12th,00:00,Monsta X,Livin' It Up,Japanese single album,Livin' It Up,https://open.spotify.com/album/02V459aiaDCBwuBe4qDl8j,None,2018,9
12th,00:00,TWICE,BDZ,Japanese full-length album,BDZ,https://open.spotify.com/album/3Bi7hl11zYHpw6uE6gAtSs,None,2018,9
12th,18:00,HOYA,BABY U,digital single,BABY U (feat. Hanhae),https://open.spotify.com/album/3IDVu1K85f763vj4iJhaCj,None,2018,9
12th,18:00,Hyomin (T-ara),Mango,digital single,Mango,https://open.spotify.com/album/00VrebBwk58mZs9IzHliqB,None,2018,9
12th,18:00,Punch,Good Bye,digital single,Good Bye,https://open.spotify.com/album/769XU5orKxa7pKW5EHL1lw,None,2018,9
12th,18:00,Samuel Seo,UNITY,full-length album,Happy Avocado,https://open.spotify.com/album/5ijOKBvQV5kn6OQMyDS08c,None,2018,9
13th,18:00,Jung Dong Ha,CROSSROAD,full-length album,Let Me Go Back,https://open.spotify.com/album/1UQfHVOBlIFd5YJ1PaM6GG,None,2018,9
13th,18:00,Onestar,The Way To Say Goodbye,digital single,The Way To Say Goodbye,https://open.spotify.com/album/01XwXakosDXoyR4FuTlkm3,None,2018,9
14th,12:00,Park Boram,One More Shot,digital single,One More Shot,https://open.spotify.com/album/4exQuRnxFHQSU2ibfCx7zR,None,2018,9
14th,18:00,EXO's Chanyeol X Sehun,We Young,STATION x 0 project single,We Young,https://open.spotify.com/album/5YJFl4cNetPk0Tn4tqPRHk,None,2018,9
14th,18:00,Jooyoung,N/A,digital single,N/A / Inn,https://open.spotify.com/album/6XWgCytlgnTi8CFvCh6Jz3,None,2018,9
14th,18:00,SORAN,Zamianwa (Can't Close My Eyes),digital single,Zamianwa(Can't Close My Eyes),https://open.spotify.com/album/6cJSnQNg8NnsixlO6xfG23,None,2018,9
15th,18:00,DinDin,Insomnia,digital single,Insomnia (feat. Lee Hongki of FTISLAND),https://open.spotify.com/album/0dQonzb9GzEH1GTKUf4QPp,None,2018,9
16th,18:00,Nayoung (gugudan),King of Masked Singer 169th,digital single,Piano Man,https://open.spotify.com/album/7c5qRSYE2eNs7nVYCTAxYk,None,2018,9
1st,18:00,iKON,NEW KID : THE FINAL,mini album,GOODBYE ROAD,https://open.spotify.com/album/4xcX8mE53Tn8qoj1WPljhL,https://itunes.apple.com/us/album/new-kids-the-final-ep/1437760054,2018,10
1st,18:00,Monika,Luvidu,mini album,Luvidu (feat. LUDA),https://open.spotify.com/album/20fpaHDv1UqtFmGACSCnGU,https://itunes.apple.com/us/album/luvidu-ep/1437764248,2018,10
1st,18:00,NU'EST W,I Don't Care,digital single,I Don't Care (with Spoonz),https://open.spotify.com/album/1D15TkQpmjZrXug90xwhpu,https://itunes.apple.com/us/album/i-dont-care-with-spoonz-single/1437761545,2018,10
1st,18:00,Park Won,r,mini album,rudderless,https://open.spotify.com/album/6KmrLxGgaRGIchZU1eb3br,https://itunes.apple.com/us/album/r-ep/1437782774,2018,10
1st,18:00,Wooyoung (2PM),Think About 'Chu,SONG ONE project single,Think About 'Chu,https://open.spotify.com/album/1KwQNxNHR3mFtRsg4ooMHo,https://itunes.apple.com/us/album/song-one-jang-woo-young-think-about-chu-single/1437743880,2018,10
2nd,12:00,LEO (VIXX),"You are There, but not There",digital single,"You are There, but not There (feat. Hanhae)",https://open.spotify.com/album/71f9yjBoQ7kxcE6WKLNK0R,https://itunes.apple.com/us/album/you-are-there-but-not-there-feat-hanhae-single/1437858224,2018,10
2nd,12:00,NOIR,TOPGUN,mini album,Airplane Mode,https://open.spotify.com/album/3zGGzfOFVYRtzeJ16x2wh2,https://itunes.apple.com/us/album/topgun-ep/1438205887,2018,10
2nd,18:00,Hangzoo,Drive Thru,digital single,Drive Thru (feat. Gaeko),https://open.spotify.com/album/2BnF9pASfGxvST12kTtoPv,https://itunes.apple.com/us/album/drive-thru-feat-gaeko-single/1437867271,2018,10
2nd,18:00,Lee Sora,October Lover,digital single,October Lover (feat. Roy Kim),https://open.spotify.com/album/3bEASPmR9TMtdrsmOswer1,https://itunes.apple.com/us/album/october-lover-feat-roy-kim-single/1437781990,2018,10
2nd,18:00,S.O.U.L,Get Myself With You,project unit debut single,Get Myself With You,https://open.spotify.com/album/6r5WlDgH6lYvDCn5FKGfnE,https://itunes.apple.com/us/album/s-o-u-l-single/1437891988,2018,10
3rd,00:00,Heo Young Saeng (SS501),After The Rain,Japanese single album,After The Rain,https://open.spotify.com/album/5dgp1uEXFfsFy2qjXUGqAO,https://itunes.apple.com/us/album/after-the-rain-ep/1437775540,2018,10
3rd,00:00,MAMAMOO,Décalcomanie,Japanese debut single album,Décalcomanie,https://open.spotify.com/album/3ze2COsxMLiqWqkKv1twdq,https://itunes.apple.com/us/album/decalcomanie-japanese-ver-single/1436561752,2018,10
3rd,00:00,Rose Finger,Vol.1 Mix tape Boom&Beat&Clap,digital single,HIBIDIPOP,https://open.spotify.com/album/3xdIxUYrEJUlgbdg53kWBH,https://itunes.apple.com/us/album/vol-1-mix-tape-boom-beat-clap-hibidi-pop-single/1437884419,2018,10
3rd,18:00,Babylon,CAELO,full-length album,One More Time (feat. VINXEN),https://open.spotify.com/album/3vbnZhZvjqL3H4sLIkk1Ra,https://itunes.apple.com/us/album/caelo/1437871976,2018,10
4th,18:00,Epitone Project,Words In The Mind,full-length album,First Love,https://open.spotify.com/album/6t3ExmPeNU5M1LimWIG2r9,https://itunes.apple.com/us/album/words-in-the-mind/1438097608,2018,10
4th,18:00,Pungdeng-E,Super Market,digital single,Super Market,https://open.spotify.com/album/4QwGJWzUWcFYO8l9semssM,https://itunes.apple.com/us/album/super-market-single/1438081287,2018,10
4th,18:00,Soyou,PART.2 [RE:FRESH],full-length album,All Night (prod. GroovyRoom) (with Sik-K),https://open.spotify.com/album/39RB7l7UElREy8SpJuvhbW,https://itunes.apple.com/us/album/re-fresh-ep/1438095912,2018,10
4th,18:00,The Rose,DAWN,mini album,She's In The Rain,https://open.spotify.com/album/2rKkvzVCh5GD3yh5BYBJ4a,https://itunes.apple.com/us/album/dawn-ep/1437872020,2018,10
4th,18:00,The Singing Girls,This Night,digital single,This Night,https://open.spotify.com/album/74aaOiWRmI4a3f3AFRVTX2,https://itunes.apple.com/us/album/this-night-single/1438073928,2018,10
4th,18:00,Yuri (Girls' Generation),The First Scene,debut mini album,Into You,https://open.spotify.com/album/1vRQP001rGl7zI3W6ghGSR,https://itunes.apple.com/us/album/the-first-scene-the-1st-mini-album-ep/1437890095,2018,10
5th,12:00,Ashmute,Summer's Gone,single album,Summer's Gone,https://open.spotify.com/album/0Vpg8ZdIcyERGgVnznkcd3,https://itunes.apple.com/us/album/summers-gone-single/1438718039,2018,10
5th,18:00,CHEEZE,Everything to,digital single,Everything to,https://open.spotify.com/album/0KoqY8z0QLw4hwVvgEGdvn,https://itunes.apple.com/us/album/everything-to-single/1438089464,2018,10
5th,18:00,Yoo Hweseung (N.Flying) X O.ZO,Pop & Pop Collaborations #2,Kim Hyungsuk with Friends project single,Expectation,https://open.spotify.com/album/4QUMjdhdEX5wvUlCC0NxZM,https://itunes.apple.com/us/album/expectation-single/1438209506,2018,10
6th,18:00,Cherry Coke,Ilovemyvibe,digital single,Ilovemyvibe,https://open.spotify.com/album/1j3KzHuSJfI1hlYBKEdWbi,https://itunes.apple.com/us/album/ilovemyvibe-single/1438224049,2018,10
6th,18:00,Seven O'Clock,#7,mini album,Nothing Better / Searchlight,https://open.spotify.com/album/2vn5tXqWIHGLLfa0pYxvdP,https://itunes.apple.com/us/album/7-ep/1438370796,2018,10
6th,18:00,Various Artists,Show Me The Money 777 Episode 1,mini album,saimsaim / SF Skill / PAE / Good Day,https://open.spotify.com/album/3Heh3t93xHF918mqcIi0QB,https://itunes.apple.com/us/album/show-me-the-money-777-episode-1/1438199070,2018,10
7th,11:19,LAY (EXO),Give Me a Chance,pre-release single,Give Me a Chance,https://open.spotify.com/album/1D8ziLcedBmzGZsLqaUSUl,https://itunes.apple.com/us/album/give-me-a-chance-single/1437890563,2018,10
7th,18:00,"""Dongmakgol Girl"", Moon Myung-jin",King of Mask Singer 172,digital single,Please / Don't Say Goodbye,https://open.spotify.com/album/4oHeDLlv64FiPrbw5TV63m,https://itunes.apple.com/us/album/mask-singer-172th-live-version-single/1438344863,2018,10
1st,12:00,TST,PARADISE,single album,PARADISE,https://open.spotify.com/album/4dy9dWvFcCtEZ3mqYUXznS,None,2018,11
1st,12:00,Minzy,ALL OF YOU SAY,English digital single,ALL OF YOU SAY,https://open.spotify.com/album/2pS05aWuGezlTJza7v0Sxu,https://itunes.apple.com/gb/album/all-of-you-say-single/1445119941,2018,12
1st,18:00,Daehyun (B.A.P),BABY,debut digital single,Baby,https://open.spotify.com/album/2NZ52UGRkBUZ5XcOAJT5Ho,https://itunes.apple.com/gb/album/dae-hyun-1st-single-baby/1445400871,2018,12
1st,18:00,"Lee Sojeong, ""Eagle""",King Of Mask Singer 180,omnibus,If By Chance / Miss Havisham's Waltz,https://open.spotify.com/album/7J02w2liV1yA1XyxatEJsC,None,2018,12
1st,18:00,VIXX,Walking,fan song,Walking,https://open.spotify.com/album/6LVkZClK1TAmyDcANj8bmg,https://itunes.apple.com/gb/album/walking-single/1451164318,2019,2
2nd,12:00,Jiselle,Missed Call,debut digital single,Missed Call (feat. Chancellor),https://open.spotify.com/album/3q0XTRsc38qjouPeDRmUzk,https://itunes.apple.com/gb/album/missed-call-feat-chancellor-single/1451146193,2019,2
2nd,12:00,Moon Hyuna X The Lowkies,Stress Free,digital single,Stress Free,https://open.spotify.com/album/22KEONeKqX30Rl4FrgxOnf,https://itunes.apple.com/gb/album/stress-free-single/1451260943,2019,2
4th,18:00,Kim Hyun Joong (SS501),New Way,full-length album,Why,https://open.spotify.com/album/5YJW86mUkxzTgIPL7aJD42,https://itunes.apple.com/gb/album/new-way/1450979221,2019,2
6th,00:00,IZ*ONE,Suki to Iwasetai,Japanese debut single,Suki to Iwasetai,https://open.spotify.com/album/6esOExMaYIWvttAQYdn3Gb,https://itunes.apple.com/gb/album/sukito-iwasetai-wiz-one-edition-single/1450366348,2019,2
7th,18:00,Loco,HELLO,mini album,It's been a while (feat. Zion.T) (prod. by GRAY),https://open.spotify.com/album/0wQMtraDGsoUBzGMzd2dAP,https://itunes.apple.com/gb/album/hello-ep/1451804681,2019,2
7th,18:00,ONF,We Must Love,mini album,We Must Love,https://open.spotify.com/album/278ZE63sldNBIvueCAANl0,https://itunes.apple.com/gb/album/we-must-love-ep/1451265732,2019,2
8th,18:00,Hanhae,About Time,mini album,I Go,https://open.spotify.com/album/6WSPAHus6hsgAMIgZnoJZj,https://itunes.apple.com/gb/album/about-time-ep/1451937739,2019,2
8th,18:00,KYT,20th ANNIVERSARY 'REborn',20th anniversary full-length album,FACT,https://open.spotify.com/album/6vuEo0Fung4sT8uJfBWleQ,https://itunes.apple.com/gb/album/20th-anniversary-reborn/1451937581,2019,2
9th,18:00,Under Nineteen,Under Nineteen Final,digital single,Like A Magic / Shooting Star,https://open.spotify.com/album/4ypUc43Xp946ePF1pZTCLE,https://itunes.apple.com/gb/album/under-19-final-single/1452177786,2019,2
10th,12:00,Dal (S.I.S),Sad Love Story,digital single,Sad Love Story,https://open.spotify.com/album/58slx6vdbce1vZO9PQEjRU,https://itunes.apple.com/gb/album/sad-love-story-single/1451796165,2019,2
10th,18:00,JERO,Judge,digital single,Judge,https://open.spotify.com/album/08PTtA4N4Vfr8YRDBQZzIl,https://itunes.apple.com/gb/album/judge-single/1451929650,2019,2
10th,18:00,Parc Jae Jung,Listen 030 Ceiling,Mystic LISTEN project single,Ceiling,https://open.spotify.com/album/2J7vd6h4jKsAEK6JTiBVhm,https://itunes.apple.com/gb/album/ceiling-single/1452172557,2019,2
11th,12:00,Jisook,The way we were,pre-release single,The way we were,https://open.spotify.com/album/1btwtG75X4DKJiSur8rkFM,https://itunes.apple.com/gb/album/the-way-we-were-single/1452123048,2019,2
11th,18:00,Taemin (SHINee),WANT,mini album,WANT,https://open.spotify.com/album/7E01VOJ7gyYPz9HXUVeQeq,https://itunes.apple.com/gb/album/want-the-2nd-mini-album/1451783260,2019,2
11th,18:00,TST,Wake Up,single album,Wake Up,https://open.spotify.com/album/5wjVi9oaAWidSaKBSo4kEg,https://itunes.apple.com/gb/album/wake-up-ep/1452148950,2019,2
12th,12:00,Moti (PLT),WHSH,mini album,Go (feat. June),https://open.spotify.com/album/4PVi3HoGzcWiLKSt0icdM6,https://itunes.apple.com/gb/album/whsh-ep/1452437852,2019,2
12th,18:00,ITZY,IT'z Different,debut digital single,DALLA DALLA,https://open.spotify.com/album/2gHd5bCrj42s8nwwXBALd4,https://itunes.apple.com/gb/album/itz-different-single/1451909811,2019,2
12th,18:00,SE7EN,COLD,digital single,COLD,https://open.spotify.com/album/5OUT8J88xSvZepQDVvallD,https://itunes.apple.com/gb/album/cold-single/1452497222,2019,2
12th,18:00,SNH 7SENSES,SWAN,digital single,SWAN (Korean Ver.),https://open.spotify.com/album/7wGCKZrq9hUo7ObqmrDIIG,https://itunes.apple.com/gb/album/swan-single/1452498873,2019,2
12th,18:00,The Black Skirts,THIRSTY,full-length album,Island (Queen of Diamonds),https://open.spotify.com/album/7dSqbQ9mGpHdlkLk7rBFuO,https://itunes.apple.com/gb/album/thirsty/1452510454,2019,2
13th,00:00,Gfriend,Sunrise,Japanese single album,Sunrise (Japanese Ver.),https://open.spotify.com/album/0uTaDiCu1B3mepHbVDITl4,None,2019,2
13th,00:00,Pentagon,COSMO,Japanese single album,COSMO,https://open.spotify.com/album/40XBpd4rRwnKOj9RR0Pdwz,https://itunes.apple.com/gb/album/cosmo-ep/1449101016,2019,2
13th,18:00,Dreamcatcher,The End of Nightmare,mini album,PIRI,https://open.spotify.com/album/02YL02Pjk6moxi5iuYsIPC,https://itunes.apple.com/gb/album/the-end-of-nightmare-ep/1452479679,2019,2
13th,18:00,Hwasa (MAMAMOO),TWIT,debut digital single,TWIT,https://open.spotify.com/album/6KL4s0Y6Ijcj0QP1Nm1EVF,https://itunes.apple.com/gb/album/twit-single/1452787147,2019,2
13th,18:00,INFINITE,Clock,digital single,Clock,https://open.spotify.com/album/76fLpe8YKSqQ7yyQ9kMv3o,https://itunes.apple.com/gb/album/clock-single/1452787290,2019,2
13th,18:00,Saturday,Follow Saturday,single album,WiFi,https://open.spotify.com/album/6xyQPa9qMPxRHlcMDgDbay,https://itunes.apple.com/gb/album/the-2nd-single-album-follow-saturday/1452791090,2019,2
14th,00:00,Peniel (BTOB),Valentine,digital single,Valentine,None,None,2019,2
14th,12:00,9MUSES,Remember,digital single,Remember,https://open.spotify.com/album/5jHGdQ70hzjdgPtjoOgo2B,https://itunes.apple.com/gb/album/remember-single/1452962763,2019,2
14th,12:00,Heize,Run To You,digital single,Run To You,https://open.spotify.com/album/66LpaVbTu9g0myP35R123C,https://itunes.apple.com/gb/album/run-to-you-single/1453003748,2019,2
14th,12:00,Vanner,V,debut full-length album,Better Do Better,https://open.spotify.com/album/0WwS3OHZIoDpQFrNRwMxfj,https://itunes.apple.com/gb/album/v/1452958406,2019,2
14th,18:00,KEY (SHINee),Cold,SM STATION 3 project single,Cold (feat. Hanhae),https://open.spotify.com/album/6apYOPQqBSKnbDon2MBRTy,https://itunes.apple.com/gb/album/cold-feat-hanhae-single/1452462634,2019,2
14th,18:00,Park Jungmin (SS501),XTC,digital single,XTC,https://open.spotify.com/album/7ILNO7yAWJ8V0SKrrhOFhQ,https://itunes.apple.com/gb/album/xtc-single/1453000075,2019,2
15th,12:00,Babylon,Coats,digital single,Coats,None,None,2019,2
15th,12:00,Uk (24K),#dawn,debut mini album,#why,https://open.spotify.com/album/7swIh048sHdBeYaxHisLE1,https://itunes.apple.com/gb/album/dawn/1453126093,2019,2
16th,18:00,ASTRO,Korean Dream,One K Global Campaign single,Korean Dream,https://open.spotify.com/album/5VOcXZtNWigvYkXAU0NLlV,https://itunes.apple.com/gb/album/korean-dream-single/1453160656,2019,2
18th,18:00,MiSO (Girls Girls),ON N ON,digital single,ON N ON,https://open.spotify.com/album/3atsIlpYgv5DaSQteaLul0,https://itunes.apple.com/gb/album/on-n-on-single/1453350559,2019,2
18th,18:00,MONSTA X,TAKE 2: WE ARE HERE,full-length album,ALLIGATOR,https://open.spotify.com/album/2zLSiu6FFxav0kHP2mUUzM,https://itunes.apple.com/gb/album/take-2-we-are-here/1452704834,2019,2
18th,18:00,Nichkhun (2PM),ME,debut mini album,Lucky Charm,https://open.spotify.com/album/1oCkhUTrPkjvhap8sW1CVb,https://itunes.apple.com/gb/album/me/1453368813,2019,2
18th,18:00,Ravi (VIXX),live,pre-release single,live (feat. Chungha),https://open.spotify.com/album/4ueN3bifflTG1JNDDs0iaD,https://itunes.apple.com/gb/album/live-feat-chung-ha-single/1453344390,2019,2
19th,12:00,Space Project X Leo (VIXX),Feel Love,digital single,Feel Love,https://open.spotify.com/album/6GIwPM2bmgbxYiwxy7UOvC,https://itunes.apple.com/gb/album/space-project-ep/1453474242,2019,2
19th,18:00,LOONA,[X X],repackage mini album,Butterfly,https://open.spotify.com/album/2Ij6998NUjQ0BkQ2ipqiET,https://itunes.apple.com/gb/album/x-x-ep/1453510726,2019,2
19th,18:00,Suran,Hide And Seek,pre-release single,Hide And Seek (with Cho Jungchi),https://open.spotify.com/album/7ttphjk6H0f6fQ95WyOp5b,https://itunes.apple.com/gb/album/hide-and-seek-with-cho-jung-chi-single/1453354183,2019,2
1st,13:00,TPA,Super Asia,digital single,Super Asia (feat. iKON's Bobby & VaVa),https://open.spotify.com/album/37cEwf0dMIJIumdujsrSk2,https://itunes.apple.com/gb/album/super-asia-feat-bobby-vava-single/1454249973,2019,3
1st,18:00,VROMANCE,Same Night Different Feels,digital single,Same Night Different Feels,https://open.spotify.com/album/6bfleCLbvCxqrB2qmcsPeq,https://itunes.apple.com/gb/album/unlike-single/1455083360,2019,3
3rd,18:00,Suran,Hide And Seek Full Ver.,pre-release single,Hide And Seek Full Ver. (feat. Heize),https://open.spotify.com/album/0Twooiwlv1TjdY9Fe8VfsP,https://itunes.apple.com/gb/album/hide-and-seek-feat-heize-single/1454646713,2019,3
4th,12:00,D.A.N,Suicide Squad,debut digital single,Suicide Squad,https://open.spotify.com/album/14S5DSPsOHjme8NwBAp3I0,https://itunes.apple.com/gb/album/suicide-squad-single/1455052069,2019,3
4th,18:00,Jang Dongwoo (INFINITE),Bye,debut mini album,News,https://open.spotify.com/album/5Sj9FPcukfVkj85mfxoOGi,https://itunes.apple.com/gb/album/bye/1455082033,2019,3
4th,18:00,Jisook,The Star,mini album,Big Dipper,https://open.spotify.com/album/2Mt81j9wRpQbnKZSBoSsjl,https://itunes.apple.com/gb/album/the-star-ep/1455069913,2019,3
4th,18:00,KEY (SHINee),I Wanna Be,repackage full-length album,I Wanna Be (feat. (G)I-DLE's Soyeon),https://open.spotify.com/album/2QDzBw32zlyvFtfeRCoSFH,https://itunes.apple.com/gb/album/i-wanna-be-the-1st-album-repackage/1454646608,2019,3
4th,18:00,Sunmi,NOIR,digital single,NOIR,https://open.spotify.com/album/0VZLN6MkAcyg5ZLeL7OQed,https://itunes.apple.com/gb/album/noir-single/1454604993,2019,3
4th,18:00,TXT,The Dream Chapter: Star,debut mini album,CROWN,https://open.spotify.com/album/2EUGHPf9UCnInxJ8p7gDVg,https://itunes.apple.com/gb/album/the-dream-chapter-star-ep/1454729359,2019,3
5th,18:00,Dalsooobin (Dal Shabet),Katchup,digital single,Katchup,https://open.spotify.com/album/71vTDx9KUXvLHPfybHIeQe,https://itunes.apple.com/gb/album/katchup-single/1455074651,2019,3
5th,18:00,Jus2 (GOT7),FOCUS,debut mini album,Focus on Me,https://open.spotify.com/album/2QjrhGUZWWHnUFEMFzCsx5,https://itunes.apple.com/gb/album/focus/1454542050,2019,3
5th,18:00,Ravi (VIXX),R.OOK BOOK,mini album,TUXEDO,https://open.spotify.com/album/5ApLMPiYQ3w8KnkBbyOiSW,https://itunes.apple.com/gb/album/r-ook-book/1455061563,2019,3
5th,18:00,youra,B side,mini album,Dance,https://open.spotify.com/album/42FrH2HstVRabB6hWQjuxT,https://itunes.apple.com/gb/album/b-side-ep/1455206441,2019,3
6th,00:00,TWICE,#TWICE2,Japanese full-length album,,https://open.spotify.com/album/2QmO12UqPp1BQN4kSGtcAx,https://itunes.apple.com/gb/album/twice2-japanese-version-ep/1448705091,2019,3
6th,18:00,Doyoung (NCT) X Rocoberry,Don't say goodbye,digital single,Don't say goodbye,https://open.spotify.com/album/0YnAmYmxoerGmn5qCCjFlN,https://itunes.apple.com/gb/album/dont-say-goodbye-single/1455347967,2019,3
6th,18:00,HBY,YOLO,single album,BBANG / TAM TAM,https://open.spotify.com/album/685x8xHyBl0UQ3dVDgoKtY,https://itunes.apple.com/gb/album/yolo-single/1455325401,2019,3
1st,18:00,Chen (EXO),"April, and a flower",debut mini album,Beautiful Goodbye,https://open.spotify.com/album/71UeIIBgaKpW6ES0TnjbxY,https://itunes.apple.com/gb/album/april-and-a-flower-the-1st-mini-album-ep/1457960480,2019,4
1st,18:00,#GUN,AQUARIUM,digital single,AQUARIUM,https://open.spotify.com/album/0Hym9EK821BJdXyvWD8Yf0,https://itunes.apple.com/gb/album/aquarium-single/1458327087,2019,4
1st,18:00,IZ*ONE,HEART*IZ,mini album,Violeta,https://open.spotify.com/album/2UBE2MgNdsGa9OCSbvwdEQ,https://itunes.apple.com/gb/album/heart-iz/1457956470,2019,4
2nd,18:00,BOL4 (Bolbbalgan4),Youth Diary 1: Flower Energy,mini album,BOM / Stars Over Me,https://open.spotify.com/album/4pR0eatWzDISWS8LHv5dzZ,https://itunes.apple.com/gb/album/puberty-book-bom-ep/1458472900,2019,4
2nd,18:00,Henry Prince Mak,Go Away,debut digital single,Go Away,https://open.spotify.com/album/2CyHMuH0qOjGg5zcDKX8vc,https://itunes.apple.com/gb/album/go-away-single/1457354175,2019,4
1st,18:00,Chancellor,Angel,digital single,Angel (feat. SNSD's Taeyeon),https://open.spotify.com/album/41Vwyh4EilNUDh7Nj0Au2S,https://itunes.apple.com/gb/album/angel-feat-taeyeon-single/1461759930,2019,5
1st,18:00,Kim Donghan,D-HOURS AM 7:03,mini album,Focus,https://open.spotify.com/album/6eQG1mSFp7lCvvRkY2BqoJ,https://itunes.apple.com/gb/album/d-hours-am-7-03-ep/1462016091,2019,5
1st,18:00,I LUV,Got It,single album,Got It,https://open.spotify.com/album/3HCKzxhnDRSCRjnR5HRu0b,None,2019,5
2nd,18:00,Golden Child,Spring Again,special single album,Spring Again,https://open.spotify.com/album/5hLN6FBpDTtI4kVj8hFzFV,https://itunes.apple.com/gb/album/spring-again-single/1462262216,2019,5
2nd,18:00,GROW.B,Let It,debut mini album,Let It,https://open.spotify.com/album/5dMSom0wEHjPP3hEXPJEMa,https://itunes.apple.com/gb/album/let-it-ep/1462401960,2019,5
2nd,18:00,My Darling,Kung Chi Dda,single album,Kung Chi Dda,None,https://itunes.apple.com/gb/album/kung-chi-dda-single/1462729923,2019,5
2nd,18:00,Park Bom,re:Blue Rose,digital single,4:44 (feat. MAMAMOO's Wheein),https://open.spotify.com/album/69eZdv1oZC1TL8A55wIw73,https://itunes.apple.com/gb/album/re-blue-rose-ep/1462028267,2019,5
3rd,12:00,Yongseok (Cross Gene),Karma,2019 Relay project single,Karma (feat. Cross Gene's Sangmin),https://open.spotify.com/album/7rHgNM6Y61bOEgpeBpWPY0,https://itunes.apple.com/gb/album/karma-feat-sangmin-single/1462377968,2019,5
3rd,18:00,Cheetah,Flight,digital single,Flight (feat. Chaboom),https://open.spotify.com/album/1wyaEdxRDByJa4LXMC6M0q,https://itunes.apple.com/gb/album/flight-single/1462402508,2019,5
3rd,18:00,Moon Myung Jin,Spring Darling,digital single,Spring Darling (feat. Block B's Taeil),https://open.spotify.com/album/6iZSwud0RAw1N3ZAzSrKoa,https://itunes.apple.com/gb/album/love-me-single/1462262143,2019,5
4th,18:00,Jenyer (Jeon Jiyoon),The moment I loved,mini album,"Illusion, Something I Can't Decide",https://open.spotify.com/album/3KJwj3qcRvAXEiYDZ5IP88,https://itunes.apple.com/gb/album/the-moment-i-loved-ep/1462004558,2019,5
5th,18:00,BIGONE,blossom,digital single,Blossom / Too Much,https://open.spotify.com/album/5Atn0oeckhw1HJqV39TK6D,https://itunes.apple.com/gb/album/peach-blossom/1462377990,2019,5
6th,18:00,Kim Bum Soo,re.MAKE20 #6,remake single,Forever,https://open.spotify.com/album/5fWYoTabqdcHovzP4kYCdu,https://itunes.apple.com/gb/album/re-make20-6-single/1461998761,2019,5
6th,18:00,Park Hyo Shin,Goodbye,digital single,Goodbye,https://open.spotify.com/album/5RsD2scdc9PS7RSKEO3P28,https://itunes.apple.com/gb/album/goodbye-single/1462278660,2019,5
7th,18:00,MOMOLAND X Erik,Love Is Only You,digital single,Love Is Only You,https://open.spotify.com/album/38gmSw0TvsC3HVflBj6aDD,https://itunes.apple.com/gb/album/love-is-only-you-momola-single/1462734064,2019,5
7th,18:00,Nam Woohyun (INFINITE),A New Journey,mini album,Hold On Me (feat. Junoflo),https://open.spotify.com/album/12Z2vK39UyWavZ6NpoK5ZH,https://itunes.apple.com/gb/album/a-new-journey/1462733749,2019,5
8th,00:00,MOMOLAND,I’m So Hot -Japanese ver.-,Japanese single album,I’m So Hot -Japanese ver.-,https://open.spotify.com/album/1ILBN4DJseiygMTVmTYpjm,None,2019,5
8th,18:00,Eric Nam,Runaway,digital single,Runaway,https://open.spotify.com/album/5drRznvTaLxrrdPgPLqHP5,https://itunes.apple.com/gb/album/runaway-single/1462395766,2019,5
8th,18:00,Oh My Girl,The Fifth Season,full-length album,SSFWL,https://open.spotify.com/album/30CtcU5ApB65Dl9uxHQHjw,https://itunes.apple.com/gb/album/the-fifth-season/1462891924,2019,5
8th,18:00,Yu Seungwoo,Yu Seung Woo 2,full-length album,Still Here,https://open.spotify.com/album/3ZljbnFpxsQQHnA8iRWTJa,https://itunes.apple.com/gb/album/yu-seung-woo-2/1462892370,2019,5
9th,16:00,WayV,Take Off,Chinese mini album,Take Off,https://open.spotify.com/album/7IzPpfu5gInokmyg2rDhRL,https://itunes.apple.com/gb/album/take-off-the-1st-mini-album-ep/1462855350,2019,5
9th,18:00,Henry,Untitled Love Song,pre-release single,Untitled Love Song,https://open.spotify.com/album/41cmDVfUY0oufOnggYH3jh,https://itunes.apple.com/gb/album/untitled-love-song-single/1463024253,2019,5
9th,18:00,Xiumin (EXO),You,SM STATION 3 project single,You,https://open.spotify.com/album/0WxVZ3hfD1LKSIkbOriLGi,https://itunes.apple.com/gb/album/you-single/1462744746,2019,5
10th,00:00,Seyong (MYNAME),Connection,Japanese debut mini album,Connection,None,None,2019,5
10th,18:00,NC.A,some-,mini album,Awesome Breeze,https://open.spotify.com/album/09xxt3lLIOYZMSfoMICtyu,https://itunes.apple.com/gb/album/some-ep/1463028158,2019,5
11th,18:00,Hyuk (VIXX),If Only,digital single,If Only (feat. The Ade's An Daeun),https://open.spotify.com/album/2Wk1tqVXURj5To8Y8HG6lr,https://itunes.apple.com/gb/album/if-only-feat-an-daeun-single/1463148638,2019,5
12th,18:00,Lim Jimin,MINI,debut single,Loveholic,https://open.spotify.com/album/74DqQrYGTSS6NfqZY7Vml0,https://itunes.apple.com/gb/album/mini-ep/1463353898,2019,5
12th,18:00,Maywish,Srr,digital single,Srr,https://open.spotify.com/album/2792HOxLLg4w8nK4eYzshO,https://itunes.apple.com/gb/album/%EC%8A%A4%EB%A5%B4%EB%A5%B4-single/1463306372,2019,5
13th,00:00,Taeyeon (SNSD),VOICE,Japanese mini album,Voice,https://open.spotify.com/album/0sbwoolm9aZGBPBEqoU3CX,https://itunes.apple.com/gb/album/voice/1462270130,2019,5
13th,12:00,Mail,DM,debut digital single,DM,https://open.spotify.com/album/6rQ2RyKVZezfFWOK5Xz8OJ,https://itunes.apple.com/gb/album/dm-single/1463352769,2019,5
1st,12:00,Sik-K,WHY YOU?,digital single,WHY YOU? (prod. GXXD),https://open.spotify.com/album/5mYtsDm5XeAIVfCE4899b9,https://music.apple.com/gb/album/why-you-prod-gxxd-single/1466207337,2019,6
1st,18:00,Hot Teen,Hot Teenager,debut digital single,Bonita,https://open.spotify.com/album/4sE7ONpu3oHAWmPUL7OUvA,https://music.apple.com/gb/album/%EB%B3%B4%EB%8B%88%EB%94%B0-single/1466658418,2019,6
1st,12:00,W24,Solfamiredo,digital single,Solfamiredo,https://open.spotify.com/album/5omzKgVcNv6uAA9a864sGZ,https://music.apple.com/gb/album/3rd-digital-single-solfamiredo/1470570276?i=1470570277,2019,7
1st,18:00,D.O (EXO),That's okay,SM STATION 3 project single,That's okay,https://open.spotify.com/album/6EzpktNa8oT04yXVfQieJf,https://music.apple.com/gb/album/thats-okay-single/1470593207,2019,7
1st,18:00,GFRIEND,Fever Season,mini album,Fever,https://open.spotify.com/album/653wpLLPgri15mVNwJOTVR,https://music.apple.com/gb/album/fever-season/1470921587,2019,7
1st,12:00,W24,Stay A Moment,mini album,Stay A Moment,https://open.spotify.com/album/5cNuYNakMN94YLvlKu0NDb,https://music.apple.com/gb/album/%EA%B1%B0%EA%B8%B0-%EC%9E%A0%EC%8B%9C%EB%9D%BC%EB%8F%84-ep/1474928607,2019,8
1st,18:00,D1CE,Wake Up: Roll the World,debut mini album,Wake Up,https://open.spotify.com/album/7q4jf7Gvx0eE2eN6MLywGg,https://music.apple.com/gb/album/wake-up-roll-the-world-ep/1475189859,2019,8
1st,18:00,HA:TFELT,Happy Now,Code Share project single,Happy Now (feat. Moonbyul of MAMAMOO),https://open.spotify.com/album/6C8Md6te1B8A7gbM15Uxd8,https://music.apple.com/gb/album/happy-now-feat-moonbyul/1474197564?i=1474197565,2019,8
2nd,00:00,Jung Yonghwa (CNBLUE),Jellyfish,Japanese single album,Jellyfish,https://open.spotify.com/album/2s9n012o41ZXAEEwwLBQw6,None,2019,8
2nd,00:00,Tobi Lou X Vernon (SEVENTEEN),Looped Up,U.S. digital single,Looped Up,https://open.spotify.com/track/5InZzHAvyMPSMEXT4AeDQ3,https://music.apple.com/gb/album/live-on-ice/1471461888,2019,8
2nd,18:00,GARY,Purple Bikini,digital single,Purple Bikini,https://open.spotify.com/album/0MHvEs8rDUxH39SbvDku4O,https://music.apple.com/gb/album/purple-bikini/1475227911?i=1475227912,2019,8
2nd,18:00,James X Kevin,Falling,digital single,Falling,https://open.spotify.com/album/0FmdOc9PMg7JUGVTVNFWJy,https://music.apple.com/gb/album/falling/1473533354?i=1473533356,2019,8
2nd,18:00,Raiden,The Only,digital single,The Only (feat. Irene of Red Velvet),https://open.spotify.com/album/4uXskh6wXrlNDZ4UrSF8Lh,https://music.apple.com/gb/album/the-only-feat-irene/1474169319?i=1474169320,2019,8
2nd,18:00,Tiffany Young (SNSD),Magnetic Moon,digital single,Magnetic Moon,https://open.spotify.com/album/41hqRHYOMIMejLcn1f0DIc,https://music.apple.com/gb/album/magnetic-moon/1472300253?i=1472300259,2019,8
3rd,18:00,Ha Hyunwoo (Guckkasten),Illusion,digital single,Illusion,https://open.spotify.com/album/4mTzaVptEaB4uxRq4GUsau,https://music.apple.com/gb/album/illusion/1475199303?i=1475199304,2019,8
4th,00:00,Taemin (SHINee),Famous,Japanese mini album,Famous,https://open.spotify.com/album/7zdKOUglfNFwRPoambtnBE,https://music.apple.com/gb/album/famous/1472504129?i=1472504130,2019,8
4th,18:00,VOISPER X Chaekyung (APRIL),Lovesome,digital single,Lovesome,https://open.spotify.com/album/6imAENpftuLpoATsDT667f,https://music.apple.com/gb/album/lovesome/1475438187?i=1475438188,2019,8
5th,18:00,Giant Pink,Forever Young,digital single,Forever Young (feat. Leellamarz),https://open.spotify.com/album/322s5ngWssj3UuDr9EZF4d,https://music.apple.com/gb/album/forever-young-feat-leellamarz-single/1475436823,2019,8
5th,18:00,Oh My Girl,Fall in Love,summer repackage album,Bungee (Fall In Love),https://open.spotify.com/album/6Bqnwz3nM8RcHNTSKQ0DYU,https://music.apple.com/gb/album/fall-in-love/1475462066,2019,8
5th,18:00,PinkFantasy,Fantasy,single album,Fantasy,https://open.spotify.com/album/5Z9TjiRFMhU5pbUvZJIXTB,https://music.apple.com/gb/album/fantasy/1475461732?i=1475461733,2019,8
5th,18:00,SEVENTEEN,HIT,digital single,HIT,https://open.spotify.com/album/36HsGgJsOHL4cHqR4J2GEU,https://music.apple.com/gb/album/hit/1475216527?i=1475216528,2019,8
5th,18:00,TRCNG,Rising,single album,Missing,https://open.spotify.com/album/77GteaAvRNcE92t7Ajmsru,https://music.apple.com/gb/album/rising-ep/1475459892,2019,8
6th,12:00,CSVC,SUMMER LOVE,debut digital single,SUMMER LOVE,https://open.spotify.com/album/1gquEqskA7QSxOnxeXZoY8,https://music.apple.com/gb/album/summer-love/1475610227?i=1475610231,2019,8
6th,18:00,10cm,Do You Think Of Me?,digital single,Do You Think Of Me?,https://open.spotify.com/album/6i8NTK3zdu3TJxo1TR8uzG,https://music.apple.com/gb/album/do-you-think-of-me/1475601843?i=1475601844,2019,8
6th,18:00,E.RUDA,A Seasonal Story: Summer,digital single,Catch Ya,https://open.spotify.com/album/55csxaKKMxnsaEUEkWQSzG,https://music.apple.com/gb/album/catch-ya/1475587642?i=1475587644,2019,8
6th,18:00,Fanatics,The Six,debut mini album,Sunday,https://open.spotify.com/album/3MtR8BHU3OYHYBCPTnCXXh,https://music.apple.com/gb/album/the-six-ep/1475718671,2019,8
6th,18:00,JBJ95,Spark,mini album,Spark,https://open.spotify.com/album/4FsxA8z9EGHmnHnR2ogQOl,https://music.apple.com/gb/album/spark-ep/1475602466,2019,8
6th,18:00,Project A,The Beginning,digital single,The Beginning,https://open.spotify.com/album/0JmHNMp4MceL3chE40eOQv,None,2019,8
6th,18:00,VENUS,Turn Signal,debut digital single,Turn Signal,https://open.spotify.com/album/0AxEVcSkKOaCetL4xNV3sL,https://music.apple.com/gb/album/venus-turn-signal-single/1475587823,2019,8
7th,00:00,BOL4,Some,Japanese digital single,Some (Japanese Ver.),None,None,2019,8
7th,00:00,MAMAMOO,4colors,Japanese full-length album,gogobebe (Japanese Ver.),https://open.spotify.com/album/232T6PgapFXcufLzzRJU8u,None,2019,8
7th,00:00,ONEUS,Twilight,Japanese single album,Twilight (Japanese Ver.),https://open.spotify.com/album/0OtVEJwPFTQrP0QRpZ0p9Y,None,2019,8
7th,00:00,WINNER,MILLIONS,Japanese mini album,MILLIONS (Japanese ver.),None,None,2019,8
7th,12:00,G.O (NTB),I Like The Party,debut digital single,I Like The Party,https://open.spotify.com/album/4Bn4rccDtX172Ogmwf5LBy,https://music.apple.com/gb/album/i-like-the-party-single/1475736099,2019,8
7th,18:00,Dynamic Duo,Blue,digital single,"Blue (feat. Crush, SOLE)",https://open.spotify.com/album/6Sd2Vxt7NeEfS82UYbToqf,None,2019,8
7th,18:00,IN2IT,Run Away,digital single,Run Away,https://open.spotify.com/album/5uqOgdo2BbQu6xtYEfmUZ5,https://music.apple.com/gb/album/run-away-single/1475730974,2019,8
7th,18:00,Ravi (VIXX),Vacay,digital single,Vacay,https://open.spotify.com/album/2gfG5HKrqmu8q71nNHbacm,None,2019,8
7th,18:00,Rocket Punch,Pink Punch,debut mini album,BIM BAM BUM,https://open.spotify.com/album/243nNJW4Zk1vhQwNhZKXh7,https://music.apple.com/gb/album/pink-punch-ep/1475748926,2019,8
8th,18:00,Weki Meki,WEEK END LOL,repackage mini album,Tiki-Taka (99%),https://open.spotify.com/album/07YKMxo9FsEqVsIauzIVXC,https://music.apple.com/gb/album/week-end-lol-ep/1475888918,2019,8
8th,18:00,Henry,I Luv U,digital single,I Luv U,https://open.spotify.com/album/12B1hKoURBG6BZXjJQ2lHT,https://music.apple.com/gb/album/i-luv-u-single/1476039881,2019,8
9th,18:00,Fanxy Child,Y,digital single,Y,https://open.spotify.com/album/65r7zcXPE1JnYntCujySxE,https://music.apple.com/gb/album/y/1475877769?i=1475877771,2019,8
9th,18:00,Soyou X Francis,Bangkok,digital single,Bangkok,https://open.spotify.com/album/3DmrfengvqTFzjb5OEWM0q,https://music.apple.com/gb/album/bangkok-single/1475872996,2019,8
11th,18:00,VINXEN,Skin,digital single,Skin (feat. Seori),https://open.spotify.com/album/57EMnZPUuiDJaPldPoFXoH,https://music.apple.com/gb/album/skin-feat-seori/1475889758?i=1475889759,2019,8
13th,18:00,The Rose,RED,single album,RED,https://open.spotify.com/album/4CMscoZuaGi6UEDC2Wpdtk,https://music.apple.com/gb/album/red/1476359002?i=1476359004,2019,8
14th,00:00,Snuper,Come Over,Japanese single album,Come Over,https://open.spotify.com/album/3dnE1LYIZLHvks88wPjU05,None,2019,8
1st,12:00,Violet,PangPang,debut digital single,PangPang,https://open.spotify.com/album/2MBxQui9uSZgQKfhAcMAi6,https://music.apple.com/gb/album/pangpang/1478389226?i=1478389230,2019,9
1st,18:00,V.O.S,Again,digital single,Again,https://open.spotify.com/album/27ht7C1ABq36tw7Z6wMlkE,https://music.apple.com/gb/album/again/1478594135?i=1478594136,2019,9
2nd,18:00,Brown Eyed Soul,Right,digital single,Right (feat. SOLE),https://open.spotify.com/album/3MmSYZityjpYQXOfCYiJrS,https://music.apple.com/gb/album/right-feat-sole/1478606498?i=1478606499,2019,9
2nd,18:00,GLOSS,Blah Blah Blah,debut digital single,Blah Blah Blah,https://open.spotify.com/album/32Sa1NvzLNPsqsKIh6uBzF,https://music.apple.com/gb/album/blah-blah-blah/1478596624?i=1478596627,2019,9
2nd,18:00,W Project #4,1M1S,digital single,1M1S,https://open.spotify.com/album/18ttoNK06Ps6Eca495modR,https://music.apple.com/gb/album/w-project-4-1m1s/1478611553?i=1478611596,2019,9
3rd,18:00,Jang Woohyuk (H.O.T),STAY,digital single,STAY (feat. Babylon),https://open.spotify.com/album/2RuGSZy2GYv2i1HpVEp37V,https://music.apple.com/gb/album/stay-feat-babylon/1478580204?i=1478580632,2019,9
3rd,18:00,MIND U,I Tried,digital single,I Tried,https://open.spotify.com/album/7dO7WihChwQrMG3aqszKKN,https://music.apple.com/gb/album/i-tried/1478721560?i=1478721561,2019,9
3rd,18:00,San (HOTSHOT),Still on you,debut digital single,Still on you (Feat. Adrian Mckinnon),https://open.spotify.com/album/3bOclY9tnafadBk8szLbH3,https://music.apple.com/gb/album/still-on-you-feat-adrian-mckinnon/1478718729?i=1478718732,2019,9
3rd,18:00,Simon Dominic,No Open Flames,mini album,"GOTT (feat. MOON, Woo Wonjae, & Jvcki Wai)",https://open.spotify.com/album/1426VraRvdBSqtGRfkcKze,https://music.apple.com/gb/album/no-open-flames/1478706668,2019,9
3rd,18:00,We In The Zone,Emotion,digital single,Emotion,https://open.spotify.com/album/1tP0fdmFbwf40zIfABiPBN,https://music.apple.com/gb/album/emotion/1478609928?i=1478609929,2019,9
4th,00:00,MOMOLAND,Chiri Chiri,Japanese full-length album,Pinky Love,https://open.spotify.com/album/1Gi12hQHfhMnG1nEjFrBrt,None,2019,9
4th,12:00,VANNER,5cean : V,single album,Crazy Love,https://open.spotify.com/album/1NgdPUNmHXBpDaRN3jrQLS,https://music.apple.com/gb/album/5cean-v-single/1478707981,2019,9
4th,18:00,Wheein (MAMAMOO),soar,single album,Good bye (prod. Jungkey),https://open.spotify.com/album/7zhSn5lo1BsHmvumiZS3qu,https://music.apple.com/gb/album/good-bye/1478867423?i=1478867424,2019,9
5th,12:00,flor_us,Alive,digital single,Alive,None,https://music.apple.com/gb/album/alive-single/1479138813,2019,9
5th,12:00,Monika,Station,digital single,Station,https://open.spotify.com/album/7qYfbrfpXrXh19DAihUhRt,https://music.apple.com/gb/album/station/1478870693?i=1478870694,2019,9
5th,18:00,Choa X Way (Crayon Pop),My Universe,digital single,My Universe,https://open.spotify.com/album/0gVMQMunz1RiJ8f5J9Xuh1,https://music.apple.com/gb/album/my-universe/1478872713?i=1478872714,2019,9
5th,18:00,Kassy,Rewind,mini album,Story of night fall,https://open.spotify.com/album/1JyUU9Ikh2GztSvChAYYdJ,https://music.apple.com/gb/album/rewind-ep/1479023186,2019,9
6th,18:00,CLC,Devil,digital single,Devil,https://open.spotify.com/album/1HpLXN8RRy1lHO3jckCTkN,https://music.apple.com/gb/album/devil/1478396841?i=1478397104,2019,9
6th,18:00,Im Chang Jung,Never ending,full-length album,Never ending,https://open.spotify.com/album/7x83gj8axBIJHZMI1k9bDY,https://music.apple.com/gb/album/%EC%8B%AD%EC%82%BC%EC%9B%94/1479005710,2019,9
6th,18:00,IONE (former SPEED),idea,mini album,idea,https://open.spotify.com/album/7tvQITWjDEUbg7ctogrTQh,https://music.apple.com/gb/album/idea-ep/1479172621,2019,9
6th,18:00,We Girls,Ride,mini album,Ride,https://open.spotify.com/album/2tmae8LcpzervORWiG6RZr,https://music.apple.com/gb/album/ride-ep/1479171231,2019,9
6th,21:00,Colde,Control Me,digital single,Control Me,https://open.spotify.com/album/1H0pRXIPjc1ialln87CLRi,https://music.apple.com/gb/album/control-me/1478920757?i=1478920758,2019,9
7th,18:00,Yeoeun (ex Melody Day),Fight Day,debut digital single,Fight Day,https://open.spotify.com/album/5Kl5cmw2RxhIFO4G9ASjk8,https://music.apple.com/gb/album/fight-day/1479355815?i=1479355816,2019,9
8th,18:00,Chungha X Mommy Son,FAST,digital single,FAST,https://open.spotify.com/album/1tnhaRf0aRqIrmdyCPPIYc,https://music.apple.com/gb/album/fast-single/1479359131,2019,9
9th,18:00,FTISLAND,Zapping,mini album,Quit,https://open.spotify.com/album/4xv6FYRffJs7z2dIVleFBk,https://music.apple.com/gb/album/zapping-ep/1479387445,2019,9
9th,18:00,Penomeco,Señorita (feat. nafla),digital single,Señorita (feat. nafla),https://open.spotify.com/album/6rZ2VH9MzKhNwG2HLdBslu,https://music.apple.com/gb/album/if-single/1479103133,2019,9
9th,20:00,GroovyRoom X Leellamarz,Room Service,mini album,City Life / In My Room,https://open.spotify.com/album/1GbGtBHI4yiKprKQq81El0,https://music.apple.com/gb/album/room-service/1479396408,2019,9
10th,18:00,Bolbbalgan4 (BOL4),Two Five,mini album,Workaholic,https://open.spotify.com/album/0UJsvx1tZnZRmcpzaG3wRH,https://music.apple.com/gb/album/two-five-ep/1479533100,2019,9
10th,18:00,Euijin (UNB/BIGFLO),Summer Illusion,photobook single,Thinkin 'Bout You,https://open.spotify.com/album/5EBp5GEXIhAIwOEhhkIVvY,https://music.apple.com/gb/album/summer-illusion-thinkin-bout-you/1479501009?i=1479501010,2019,9
10th,18:00,Yoon Jong Shin X Ha Dong Qn,Workaholic,Melody Monthly project single,Workaholic,https://open.spotify.com/album/3rVBl32G6feUNMrvc52p5U,https://music.apple.com/gb/album/workaholic-monthly-project-2019-september-yoon-jong/1479142063,2019,9
11th,00:00,Dreamcatcher,The Beginning Of The End,Japanese full-length album,Breaking Out,https://open.spotify.com/album/7mWbMFRfSrOzmgBLuD0Ztc,https://music.apple.com/gb/album/the-beginning-of-the-end/1475888107,2019,9
11th,00:00,SF9,RPM,Japanese single album,RPM (Japanese Ver.),https://open.spotify.com/album/5JBr6cukucoHgMB81gsfyx,https://music.apple.com/gb/album/rpm-single/1473786289,2019,9
11th,12:00,DONGKIZ,Dreaming You,digital single,Dreaming You,None,https://music.apple.com/gb/album/dreaming-you-single/1486127776,2019,9
11th,12:00,PIERCE,Villain,digital single,Villain,https://open.spotify.com/album/0q1OdKar46YdnetbaZbFyY,https://music.apple.com/gb/album/villain-single/1480349760,2019,9
11th,18:00,DinDin,Malibu,digital single,Malibu (feat. Gray),https://open.spotify.com/album/2ZsjQpjKdcuLdbZxEuUqnu,https://music.apple.com/gb/album/malibu-feat-gray/1479669864?i=1479670016,2019,9
11th,18:00,Sim Yejun (F.Cuz),After Shower,digital single,After Shower,https://open.spotify.com/album/27Kchac7StLOfRKQdfQPBc,https://music.apple.com/gb/album/after-shower/1479708767?i=1479708768,2019,9
13th,12:00,"Mamamoo, AOA, Park Bom",Queendom Part.1,omnibus,Good Luck / Egoistic / HANN,https://open.spotify.com/album/6KEK9ix3xkhj7yqB3vZFtX,https://music.apple.com/gb/album/queendom-pt-1-single/1479661164,2019,9
16th,18:00,ANS,Boom Boom,debut digital single,Boom Boom,https://open.spotify.com/album/0fwlEEMSY4MShAX7KE5Pwz,https://music.apple.com/gb/album/boom-boom/1480204014?i=1480204015,2019,9
1st,12:00,Lee Seunghwan,Between Survival & Romance,pre-release single,Between Survival & Romance,https://open.spotify.com/album/1yEAydSNJg1LDjxwXvNEWh,https://music.apple.com/gb/album/between-survival-romance-single/1481805011,2019,10
1st,18:00,Chen (EXO),Dear my dear,mini album,Shall We?,https://open.spotify.com/album/7vIUunVE4NWLS0uq9X9o5f,https://music.apple.com/gb/album/dear-my-dear-the-2nd-mini-album-ep/1481446116,2019,10
1st,18:00,Hashtag,My Style,digital single,My Style,https://open.spotify.com/album/2b58NrAeyQQRNV8RyE599r,https://music.apple.com/gb/album/my-style/1481922817?i=1481922818,2019,10
2nd,12:00,ARGON,GO FORWARD : Wide Dream,mini album,Give me dat,https://open.spotify.com/album/6iHktUGzL43RMOx84i0Hu4,https://music.apple.com/gb/album/go-forward-wide-dream-ep/1482608527,2019,10
2nd,18:00,Ha Minwoo (ZE:A),The Tempo,mini album,Let Me Love U (feat. Lee Youngji),https://open.spotify.com/album/5hqUbQVi9N4PwCRlcRWDGT,https://music.apple.com/gb/album/the-tempo/1481940844,2019,10
2nd,18:00,Jeong Sewoon,Day,mini album,When it rains,https://open.spotify.com/album/2QTbdXQ4n2Xbng8ZKusUCF,https://music.apple.com/gb/album/day-ep/1482100470,2019,10
2nd,18:00,Kang Xiwon,Supa Diva,mini album,Passionate Love YEOL A-YA,https://open.spotify.com/album/5dxaaGgyuZrfXjTWFKvuOZ,https://music.apple.com/gb/album/supa-diva-ep/1482087557,2019,10
2nd,18:00,Vince,MENNAL,debut digital single,MENNAL (feat. Okasian),https://open.spotify.com/album/2I5RgHEKPnCAqea3CxI4lL,https://music.apple.com/gb/album/mennal-feat-okasian/1481434264?i=1481434269,2019,10
3rd,00:00,Rich Brian X Chungha,These Nights,digital single,These Nights,https://open.spotify.com/album/2ZHGnhsomLmLezueESi9ou,https://music.apple.com/gb/album/these-nights/1478261748?i=1478262060,2019,10
3rd,18:00,Kim Jinho (SG Wannabe),Song Spring,full-length album,Firecrackers and stars,https://open.spotify.com/album/1Auhf57Rd0lWOqRGwbKczz,https://music.apple.com/gb/album/song-spring/1482348445,2019,10
4th,12:00,Jang Woohyuk (H.O.T),WEEKAND,digital single,WEEKAND,https://open.spotify.com/album/3uphdogsFnGhfwpFFPwFfd,https://music.apple.com/gb/album/weekand-single/1482097455,2019,10
4th,12:00,MONSTA X,Someone's Someone,digital single,Someone's Someone,https://open.spotify.com/album/3CFYV1F2RIDoHyinrBv8y5,https://music.apple.com/gb/album/someones-someone-single/1482098000,2019,10
4th,13:00,SuperM,SuperM,debut mini album,Jopping,https://open.spotify.com/album/1C1qYeSC9RdgbrKXpZCTSJ,https://music.apple.com/gb/album/superm-the-1st-mini-album/1477917587,2019,10
4th,18:00,Baek Z Young,Reminisce,mini album,We,https://open.spotify.com/album/6Cat1YqkHL3BT1M4264hHN,https://music.apple.com/gb/album/reminiscence-ep/1482375656,2019,10
4th,18:00,B-Bomb (Block B),Finale,single album,Finale,https://open.spotify.com/album/4Ul92gkL78qV6xtx94PQ3b,https://music.apple.com/gb/album/finale/1482097898?i=1482097899,2019,10
4th,18:00,Limesoda,Wave,digital single,Wave,https://open.spotify.com/album/3cNphMDn97zeDrILVZA2Cu,https://music.apple.com/gb/album/wave/1482095683?i=1482095685,2019,10
4th,18:00,PRSNT (Jenyer),Face Time,digital single,Face Time,https://open.spotify.com/album/1Xl0BkhWfCX9Dewss8YIeB,https://music.apple.com/gb/album/face-time/1484288505?i=1484288511,2019,10
5th,18:00,Ha Sungwoon,Dream of a Dream,Fever Music project single,Dream  of a Dream (prod. Yoon Sang),https://open.spotify.com/album/3KulM5TZ61yFBkPutbwTfC,https://music.apple.com/gb/album/dream-of-a-dream/1482585908?i=1482585909,2019,10
7th,18:00,AB6IX,6IXENSE,full-length album,Blind for Love,https://open.spotify.com/album/0hyCfY4t7eGbYwjDqmQDO8,https://music.apple.com/gb/album/6ixense/1481883177,2019,10
7th,18:00,ONF,GO LIVE,mini album,Why,https://open.spotify.com/album/6N8KkgIpU1T3tenkJxHxk3,https://music.apple.com/gb/album/go-live-ep/1482095464,2019,10
1st,18:00,IU,Love poem,pre-release single,Love poem,https://open.spotify.com/album/5JadtZ710Yj8RSLNbSvDqo,https://music.apple.com/gb/album/love-poem/1485849442?i=1485849443,2019,11
1st,18:00,Jessi X Jay Park,Drip,digital single,Drip,https://open.spotify.com/album/3SEM96cj47LEOZpakQmaf7,https://music.apple.com/gb/album/drip/1485504184?i=1485504878,2019,11
1st,18:00,BTS,Make It Right (feat. Lauv) [EDM Remix],digital single,Make It Right (feat. Lauv) [EDM Remix],https://open.spotify.com/album/4fkUwOlruyTwQNG1LD6MJX,https://music.apple.com/gb/album/make-it-right-feat-lauv-edm-remix-single/1485646762,2019,11
2nd,18:00,Jeongmin (ex-Boyfriend),Why?,single album,Why?,https://open.spotify.com/album/5uUyFBHpTVuqsDJXAlkPLW,https://music.apple.com/gb/album/why/1485842239?i=1485842240,2019,11
3rd,18:00,HINAPIA,New Start,debut single album,Drip,https://open.spotify.com/album/79I7ijWthvkwe4xOW0zzQh,https://music.apple.com/gb/album/drip/1486120995?i=1486121000,2019,11
3rd,18:00,Nam Woohyun (INFINITE),When Fall Comes,digital single,When Fall Comes,https://open.spotify.com/album/1GC9m51zEAtKgViMTUVZJ2,https://music.apple.com/gb/album/when-fall-comes-single/1486121251,2019,11
4th,00:00,EXO,BIRD,Japanese single,BIRD,https://open.spotify.com/album/5PZhHeMOYmjXrw9mV1OOh8,https://music.apple.com/gb/album/bird-single/1481562277,2019,11
1st,12:00,Leo (VIXX),"December, the Night of Dreams",digital single,"December, the Night of Dreams",https://open.spotify.com/album/660XW0SKtpIlL2A3xut3Z9,https://music.apple.com/gb/album/december-the-night-of-dreams-single/1489679522,2019,12
1st,18:00,J.Y. Park,FEVER,digital single,"FEVER (feat. SuperBee, BIBI)",https://open.spotify.com/album/3pQEo2pmo1vKTkWbSbldBB,https://music.apple.com/gb/album/fever-feat-superbee-bibi/1488587842?i=1488587843,2019,12
1st,18:00,Yang Da Il X Kim Na Young,Goodbye list,digital single,Goodbye list,https://open.spotify.com/album/1offRgDJrgfBORBX4uqSEi,https://music.apple.com/gb/album/goodbye-list-single/1489940953,2019,12
2nd,12:00,Blue.D,Nobody,debut digital single,Nobody (feat. Mino of WINNER),https://open.spotify.com/album/6UKL26DtG6OIrLPgQxhv77,https://music.apple.com/gb/album/nobody-feat-mino/1488293683?i=1488293684,2019,12
2nd,18:00,Giriboy,Fatal Album III,full-length album,Snow Sweeping,https://open.spotify.com/album/5I2IjvBDa9nJ9F5GOLZIyy,https://music.apple.com/gb/album/fatal-album/1489928805,2019,12
2nd,18:00,Sejeong (gugudan),Dingo X SEJEONG,digital single,Tunnel,https://open.spotify.com/album/5Os62ERzhXZOl73uRieeDp,https://music.apple.com/gb/album/tunnel/1489437461?i=1489437462,2019,12
3rd,12:00,Hi Cutie,Lovely Day,digital single,Lovely Day,https://open.spotify.com/album/3wlbpsbSrGLCLbOaIg1mid,None,2019,12
3rd,12:00,WeGirls,Hello Christmas,holiday single,Hello Christmas,https://open.spotify.com/album/6flxtdIQcgbOsaTsiEqgR1,https://music.apple.com/gb/album/hello-christmas/1490176276?i=1490176277,2019,12
3rd,18:00,Davichi,Dear.,digital single,Dear.,https://open.spotify.com/album/6k8MPTcvl25jtS2GKu6GpA,https://music.apple.com/gb/album/dear/1489912070?i=1489912071,2019,12
3rd,18:00,Hwang Chi Yeul,Untitled,digital single,Untitled,https://open.spotify.com/album/7okTGuSFoTgI03WbOC6dIh,https://music.apple.com/gb/album/untitled-single/1489944860,2019,12
3rd,18:00,U-Kwon (Block B),RISE UP,debut single album,FUEGO (feat. RGP),https://open.spotify.com/album/3wYNwOAJeUFyaBns432U3V,https://music.apple.com/gb/album/rise-up-bayb-single/1489605443,2019,12
4th,00:00,ATEEZ,TREASURE EP.EXTRA:Shift The Map,Japanese full-length album,Utopia (Japanese Ver.),https://open.spotify.com/album/3uejTFamPCZuTD1HvYLqw2,https://music.apple.com/gb/album/treasure-ep-extra-shift-the-map/1485352559,2019,12
4th,00:00,DAY6,THE BEST DAY2,Japanese compilation album,,https://open.spotify.com/album/1LDHf4VNXPeb7Q99QznE4h,https://music.apple.com/gb/album/the-best-day2-japanese-version-ep/1487648675,2019,12
4th,12:00,Jung Jinwoo,Ignorance,digital single,Nowhere,https://open.spotify.com/album/5GjOJ4ITDdrqpzlRjYCWMX,https://music.apple.com/gb/album/nowhere/1490210539?i=1490210545,2019,12
4th,18:00,CL,In the Name of Love,project album,+DONE161201+,https://open.spotify.com/album/1GpTYZNg9VrcKoM9Mb0xM0,https://music.apple.com/gb/album/in-the-name-of-love-single/1490199449,2019,12
4th,18:00,Jung Seunghwan,My christmas wish,digital single,My christmas wish,https://open.spotify.com/album/0CEjLhdk4ktEFkJDjnWIGm,None,2019,12
4th,18:00,Park Jihoon,360,mini album,360,https://open.spotify.com/album/53YEQvskhdcSizfLYYO4DA,https://music.apple.com/gb/album/360/1490205984,2019,12
5th,18:00,Crush,From Midnight to Sunrise,full-length album,With You / Alone,https://open.spotify.com/album/43ydwqcOrjHBTun8wOk7i8,https://music.apple.com/gb/album/from-midnight-to-sunrise/1488587815,2019,12
5th,18:00,JxR,ELEMENT,debut digital single,ELEMENT,https://open.spotify.com/album/5ZRjanwE6FfETqd3qdIqO5,https://music.apple.com/gb/album/element/1490402420?i=1490402422,2019,12
5th,18:00,Lee Junyoung (U-KISS),GALLERY,debut single album,Curious About U,https://open.spotify.com/album/7nG4jDV9SrFH2klTr3gNxZ,https://music.apple.com/gb/album/gallery-single/1490246229,2019,12
6th,18:00,JBJ95,ONLY ONE,digital single,ONLY ONE,https://open.spotify.com/album/5DeS90uKqOWhS3ysZ00V14,https://music.apple.com/gb/album/only-one/1490399727?i=1490399728,2019,12
6th,18:00,THE BOYZ,White,remake single,White,https://open.spotify.com/album/1YYdEA6ykYQ0dpXrqj7tWP,https://music.apple.com/gb/album/white/1490559156?i=1490559166,2019,12
2nd,12:00,DONGKIZ,All I Need Is You,follow-up single,All I Need Is You,https://open.spotify.com/album/2DVoQqfzgHQl4rOBOVofnl,https://music.apple.com/gb/album/dongky-town-ep/1486285138,2020,1
2nd,18:00,Brown Eyed Girls,Snowman,digital single,Snowman,https://open.spotify.com/album/3A5D6jRWLdkIp7sEba4k5J,https://music.apple.com/gb/album/snowman-single/1493378724,2020,1
2nd,18:00,MCND,TOP GANG,pre-debut digital single,TOP GANG,https://open.spotify.com/album/506twLo58R8O15T9EgyQsp,https://music.apple.com/gb/album/top-gang/1493379210?i=1493379491,2020,1
2nd,18:00,TST,Countdown,single album,Countdown,https://open.spotify.com/album/1qjIAp0tJsJTlH9oNm0jfO,https://music.apple.com/gb/album/countdown-single/1493475035,2020,1
3rd,18:00,Hee,Carry On,digital single,Carry On (feat. Yehana & Ellie of WeGirls),https://open.spotify.com/album/5FXYcaqzQz8lqhGrvZul0F,https://music.apple.com/gb/album/carry-on-single/1493376946,2020,1
5th,12:00,"Zelo (ex-B.A.P), Jvde (ex-BIGSTAR), Lil Oppa",Shower,digital single,Shower,https://open.spotify.com/album/0G3MipaMcZQAfvemi9FvBY,https://music.apple.com/gb/album/shower-single/1493430519,2020,1
5th,18:00,Yerim Sohn,Problem,digital single,Problem / Pale Blue,https://open.spotify.com/album/6LceEHTZQmHEJ4caSw30AW,https://music.apple.com/gb/album/problem-ep/1493742963,2020,1
6th,18:00,ATEEZ,TREASURE EPILOGUE : Action to Answer,mini album,Answer,https://open.spotify.com/album/3TTkDOcSzRQCvGMT7VmmPE,https://music.apple.com/gb/album/treasure-epilogue-action-to-answer-ep/1493365097,2020,1
6th,18:00,Dustin,Burn,debut single album,Burn,https://open.spotify.com/album/1xTBqqWtVAfAck2WmsJB6w,https://music.apple.com/gb/album/burn/1493538972?i=1493538982,2020,1
6th,18:00,Younha,Unstable Mindset,mini album,Dark Cloud,https://open.spotify.com/album/7tY3mqjeJaMr6RFJYnjI2s,https://music.apple.com/gb/album/unstable-mindset-ep/1493161365,2020,1
7th,18:00,B.O.Y,Phase One : YOU,debut mini album,My Angel,https://open.spotify.com/album/7nJEXljckI6G3DDLdwgKKA,https://music.apple.com/gb/album/phase-one-you-ep/1493753394,2020,1
7th,18:00,SF9,First Collection,full-length album,Good Guy,https://open.spotify.com/album/6OWLP5aWafuctNQoJka9LQ,https://music.apple.com/gb/album/first-collection/1493921104,2020,1
7th,18:00,VERIVERY,FACE ME,mini album,Lay Back,https://open.spotify.com/album/3foK58isBZtgFp6MU1vGR1,https://music.apple.com/gb/album/face-me-ep/1493158917,2020,1
8th,00:00,Oh My Girl,Eternally,Japanese full-length album,Eternally,https://open.spotify.com/album/5HUxzuINBDEz1Kw8l9CD9Q,https://music.apple.com/gb/album/japan-3rd-album-eternally-ep/1491010235,2020,1
8th,18:00,DreamNote,Dream Wish,single album,Wish,https://open.spotify.com/album/7IWTIilhMrP02a88DWsBsP,https://music.apple.com/gb/album/dream-wish-ep/1494246175,2020,1
9th,12:00,Amber Liu (f(x)),Stay Calm,digital single,Stay Calm,https://open.spotify.com/album/6cyaeXjCZdKQ5if8wiOSfJ,https://music.apple.com/gb/album/stay-calm-single/1479223791,2020,1
9th,12:00,VOISPER,Keep Going,digital single,Keep Going,https://open.spotify.com/album/2oqK2CFBw39VAAl2YWBVAN,https://music.apple.com/gb/album/keep-going-single/1494111217,2020,1
2nd,18:00,BIBI,LISTEN 035,Mystic Story project single,Restless,https://open.spotify.com/album/5xDX8Uv4ojXg0ONDEcAMra,https://music.apple.com/gb/album/restless-single/1497478149,2020,2
2nd,18:00,Kim Jaehwan,Goodbye,digital single,Goodbye,https://open.spotify.com/album/70REZFTg0i8u6jxNHrp1rp,https://music.apple.com/gb/album/goodbye-single/1497266587,2020,2
3rd,12:00,KittiB,1718: psycho,digital single,psycho (feat. Vincent Blue),https://open.spotify.com/album/3B94qRDTNFY4OJVGUT2EFF,https://music.apple.com/gb/album/1718-psycho-feat-vincent-blue/1497273561?i=1497273563,2020,2
3rd,18:00,DKB,Youth,debut mini album,Sorry Mama,https://open.spotify.com/album/5d2mfkwLfMNV4Ccn0hLtZU,https://music.apple.com/gb/album/youth-ep/1497491598,2020,2
3rd,18:00,EVERGLOW,reminiscence,mini album,DUN DUN,https://open.spotify.com/album/5ByQ39IHGxrddAwQcnxvoj,https://music.apple.com/gb/album/reminiscence-ep/1496893164,2020,2
1st,18:00,Naeun & Jinsol (APRIL),Matter of Time,digital single,Matter of Time (prod. Kim Hyunsuk),https://open.spotify.com/album/0HdOjA8p9ytp8k3yQna9wV,https://music.apple.com/gb/album/matter-of-time/1501112843?i=1501112844,2020,3
1st,18:00,Stella Jang,Recipe,digital single,Recipe,https://open.spotify.com/album/75WsF8joEggF8yKaR5dCqV,https://music.apple.com/gb/album/recipe-single/1501113312,2020,3
2nd,18:00,Yook Sungjae (BTOB),YOOK O'clock,special album,Come with the Wind,https://open.spotify.com/album/1ofKbRAsx2IWGcOzLN6enx,https://music.apple.com/gb/album/yook-oclock/1500355145,2020,3
3rd,18:00,CLUB 33 (KIRIN & SUMIN),2020,digital single,"Dreams Come True (Feat. Golden, Jay Park)",https://open.spotify.com/album/2ivll4rHB5TPCVSrRDYfAo,https://music.apple.com/gb/album/dreams-come-true-feat-golden-jay-park/1501297720?i=1501297721,2020,3
3rd,18:00,CRAXY,My Universe,debut mini album,ARIA,https://open.spotify.com/album/20K3dLngjcAJy2pCEFwQET,https://music.apple.com/gb/album/my-universe/1501155904,2020,3
3rd,18:00,DPR LIVE,I.A.O.T? (IS ANYBODY OUT THERE?),full-length album,Legacy,https://open.spotify.com/album/6j8x8zBChjzCn0FD7KJB7p,https://music.apple.com/gb/album/is-anybody-out-there/1500730610,2020,3
4th,18:00,John Park,You're Like March,digital single,You're Like March,https://open.spotify.com/album/3FfsMO4e46nNabPg2o5dqL,https://music.apple.com/gb/album/march-lover-single/1501489324,2020,3
4th,18:00,VIINI,Moon & Butterfly,single album,"Love the Moon (feat. Lee Suhyun of AKMU, BLOO)",https://open.spotify.com/album/5EfhSL4itlGQYrfl40K9N2,https://music.apple.com/gb/album/moon-butterfly-single/1500834801,2020,3
5th,18:00,Yezi (ex-FIESTAR),Home,digital single,Home,https://open.spotify.com/album/3npgimYVYM64IDAiLytb2l,https://music.apple.com/gb/album/home/1501651761?i=1501651762,2020,3
6th,12:00,AleXa,Do or Die,digital single,Do or Die,https://open.spotify.com/album/1FtVs3EZ1TNDvjy8YCvck7,https://music.apple.com/gb/album/do-or-die/1500541455?i=1500541457,2020,3
6th,12:00,Aseul,Slow Dance,full-length album,Bye Bye Summer,https://open.spotify.com/album/785adWJo2uSCmUXhqQcGIa,https://music.apple.com/gb/album/slow-dance/1501647287,2020,3
6th,18:00,NCT 127,NCT #127 Neo Zone,full-length album,Kick It,https://open.spotify.com/album/5YOvg682zFOleCiSndLnZr,https://music.apple.com/gb/album/nct-127-neo-zone-the-2nd-album/1498962639,2020,3
6th,18:00,2NYNE,TARA-Y-A,digital single,TARA-Y-A,https://open.spotify.com/album/2Ljk4rvuvVpMO5qaW2duyl,https://music.apple.com/gb/album/tara-y-a/1501807566?i=1501807567,2020,3
9th,18:00,ITZY,IT'z ME,mini album,WANNABE,https://open.spotify.com/album/2gertXS08whDTzBWfmewPO,https://music.apple.com/gb/album/wannabe/1501233592?i=1501233595,2020,3
9th,18:00,Victon,Continuous,mini album,HOWLING,https://open.spotify.com/album/1BISalIxOssJALbwtHSBTh,https://music.apple.com/gb/album/continuous-ep/1502073930,2020,3
10th,18:00,Lee Woo (former MADTOWN),memories,digital single,memories,https://open.spotify.com/album/3ZMClcR1gIYWuqtB6bd1Bb,None,2020,3
11th,00:00,Dreamcatcher,Endless Night,Japanese single album,Endless Night,https://open.spotify.com/album/1kbzuQvrTzEe5pOrxgP9df,https://music.apple.com/gb/album/endless-night-single/1500550522,2020,3
11th,00:00,Kim Jaejoong (JYJ),Brava!! Brava!! Brava!! / Ray of Light,Japanese single album,Brava!! Brava!! Brava!! / Ray of Light,https://open.spotify.com/album/2fHdOaE1AlYCSPJJFQW4XI,https://music.apple.com/gb/album/brava-brava-brava-ray-of-light-single/1500537794,2020,3
1st,00:00,CIX,Revival,Japanese single album,Revival,https://open.spotify.com/album/6u6b0BCiW54ARWrJ5RqfJt,https://music.apple.com/gb/album/revival/1500730517?i=1500730529,2020,4
1st,00:00,SEVENTEEN,Fallin' Flower,Japanese single album,Fallin' Flower,https://open.spotify.com/album/3LhruYOSl2NPClKMGRpA2W,https://music.apple.com/gb/album/maiochiruhanabira-fallin-flower-single/1504024467,2020,4
1st,18:00,AleXa,Do or Die,mini album,Do or Die,https://open.spotify.com/album/3f7o5DhMd9IDpI800O8J4X,https://music.apple.com/gb/album/do-or-die/1502765256,2020,4
1st,18:00,Ji Jinseok,Half/Half,mini album,JUST,https://open.spotify.com/album/1QLnAW661XDUEEaEfErndo,https://music.apple.com/gb/album/half-half-ep/1505721765,2020,4
1st,18:00,Kwon Jin Ah,Something's Wrong,digital single,Something's Wrong,https://open.spotify.com/album/5TbAZIZKLCNNM0F7rXWqb1,https://music.apple.com/gb/album/somethings-wrong-single/1505731442,2020,4
1st,18:00,TOO (TEN ORIENTED ORCHESTRA),Reason for being : Benevolence,debut mini album,Magnolia,https://open.spotify.com/album/40kgv1cXd23PsABJIxXDJ1,https://music.apple.com/gb/album/reason-for-being-benevolence-ep/1503641349,2020,4
2nd,18:00,Code Kunst,PEOPLE,full-length album,"Flower (feat. Jay Park, Woo, Giriboy) / O (feat. Lee Hi)",https://open.spotify.com/album/2UF3SkoMBUZZf5n6sCBUft,https://music.apple.com/gb/album/people/1505292559,2020,4
2nd,18:00,OTC (Off The Cuff),Going Out,debut single,Going Out,https://open.spotify.com/album/6oKkXkaXQozJHonhdr2ZhH,https://music.apple.com/gb/album/going-out/1505730451?i=1505730452,2020,4
2nd,18:00,Kang Minkyung (DAVICHI),Digital Lover,digital single,Digital Lover (Kang Minkyung ver.),https://open.spotify.com/album/2CBRE88YsS48lhbGN7eTv3,https://music.apple.com/gb/album/digital-lover-min-kyung-kang-ver-single/1505708502,2020,4
1st,18:00,Yesung (Super Junior) X Suran,Still Standing,STATION project single,Still Standing,https://open.spotify.com/album/24CLUCxTxhwygLoY8gEMNy,None,2020,5
1st,18:00,BURVEY,Swing Bebe,debut digital single,Swing Bebe,https://open.spotify.com/album/2C4pCe3Tl6PHztLbpIrvkb,None,2020,5
1st,18:00,Vitamin,Now I Know,digital single,Now I Know,https://open.spotify.com/album/3qezhedgwgWP190VfxwJeN,None,2020,5
2nd,18:00,Hong Changwoo,We Thought We Were Special,Love Story project single,We Thought We Were Special (feat. Lee Changmin of 2AM),https://open.spotify.com/album/03WPzOl5pFDfM4xxvd3DXY,None,2020,5
2nd,18:00,Amber Liu (f(x)) & James Lee (former Royal Pirates),Alright,digital single,Alright,https://open.spotify.com/album/0AcjP5tBn2sLAjMCGx7sh5,None,2020,5
4th,18:00,ASTRO,GATEWAY,mini album,Knock,https://open.spotify.com/album/5mSkyxRRofx2WkVaij09sW,None,2020,5
4th,18:00,Fanatics,Plus Two,mini album,Vavi Girl,https://open.spotify.com/album/1ZJzb4duYSqMeHD67nuTma,None,2020,5
4th,18:00,Taeyeon,Happy,digital single,Happy,https://open.spotify.com/album/1nPB6o7EjGvUORXlnioEPk,None,2020,5
5th,12:00,2Z,Nostrum,mini album,Doctor,https://open.spotify.com/album/6F8XxPKeim6Bx2ybj9XiUo,None,2020,5
5th,12:00,Millenasia Project (DREAMCATCHER x AleXa x IN2IT),Be The Future,single album,Be The Future,https://open.spotify.com/album/2u1hLlBwwgnxiy3hLvqOl2?si=8AkpXHElR36R7ad0owSlkg,None,2020,5
6th,00:00,Stray Kids,SLUMP -Japanese ver.-,Japanese single,SLUMP -Japanese ver.-,https://open.spotify.com/album/1rMJ7HW23BYdyMce1mbXrP,None,2020,5
6th,18:00,IU,Eight,digital single,Eight (prod. & feat. Suga of BTS),https://open.spotify.com/track/0pYacDCZuRhcrwGUA5nTBe?si=y3XZd3s9RQywJo905gD4Pg,None,2020,5
6th,18:00,Monday Kiz X Ken (VIXX),To us who have to endure,digital single,To us who have to endure,https://open.spotify.com/album/5LhTJ7jZvjpYlLsZ9fZ5Lq?si=Uk-uwP5RQ_CDdsxCsWRB3g,None,2020,5
7th,18:00,BOL4,Leo,pre-release single,Leo (feat. Baekhyun of EXO),https://open.spotify.com/album/4wMb27rPOFS7vQSNsnjQC7,None,2020,5
7th,18:00,Moon Jongup (ex-B.A.P),Headache,solo debut single album,Headache,https://open.spotify.com/album/41WTHOfBxmQRCItWET5j9p,None,2020,5
7th,18:00,NATTY,Nineteen,debut single,Nineteen,https://open.spotify.com/album/6XnFMmVnbFEDnFjc6xRw2g,None,2020,5
8th,00:00,BOL4,Bom / Stars Over Me,Japanese single album,Bom / Stars Over Me,https://open.spotify.com/album/28M9D7jC927PJdl0eoOEnJ,None,2020,5
8th,00:00,Elhae (with I.M of Monsta X),Need to Know,English digital single,Need to Know,https://open.spotify.com/album/2Ae3hGM7VD1DvRGqAkKjC6,None,2020,5
8th,18:00,NCT 127,iScreaM Vol.1: Hero,remix single,Kick It (Valentino Khan Remix) / Kick It (Hitchhiker Remix) / Kick It (MINIMONSTER Remix),https://open.spotify.com/album/19kdYfU8fFSKwXd5EZwNr5?si=yOp48sLzT6-inuasnY8BsA,None,2020,5
10th,12:00,Moon Hyuna & Pyo Hyemi (ex-9muses),Walking,digital single,Walking,https://open.spotify.com/album/1i2fiQGm22FP7KBcgXLCxZ,None,2020,5
11th,18:00,DAY6,The Book of Us : The Demon,mini album,ZOMBIE,https://open.spotify.com/album/3JX0hnu8b55RtbtEdUSYor,None,2020,5
11th,18:00,NU’EST,The Nocturne,mini album,I'm in Trouble,https://open.spotify.com/album/5j8qRyyqFwXkIH7boJ6m9N,None,2020,5
12th,18:00,Baek Jiyoung X Ong Seongwu,Didn't Say Anything,digital single,Didn't Say Anything,None,None,2020,5
12th,18:00,Raiden X Chanyeol (EXO),Yours,digital single,Yours (feat. Lee Hi & Changmo),None,None,2020,5
1st,?,TWICE,,,More & More,None,None,2020,6
9th,?,WJSN,Neverland,mini album,,None,None,2020,6
10th,00:00,Jun. K (2PM),This Is Not a Song,Japanese mini album,,None,None,2020,6
